household_key,number_of_visits,avg_visit_delta,avg_quantity,avg_basket_value,coupons_redeemed
1,86,7.62,23.22,50.35,5.0
2,45,12.56,18.53,43.43,0.0
3,47,12.55,181.7,56.45,0.0
4,30,17.43,12.73,40.0,0.0
5,40,15.45,6.12,19.48,0.0
6,250,2.36,378.76,23.98,0.0
7,59,11.63,26.34,57.63,0.0
8,113,5.67,604.72,48.98,1.0
9,20,29.25,17.65,39.87,0.0
10,9,63.44,12.0,26.04,0.0
11,5,60.4,4.0,6.68,0.0
12,7,61.71,14.71,38.03,0.0
13,275,2.21,6777.56,47.97,21.0
14,140,5.0,845.14,19.72,3.0
15,55,12.42,8.45,17.68,0.0
16,98,6.04,828.57,15.43,0.0
17,124,5.36,2386.7,41.45,0.0
18,163,3.79,1600.76,43.67,8.0
19,421,1.52,1257.27,26.84,1.0
20,387,1.63,1233.04,19.34,0.0
21,27,22.59,1437.07,32.23,0.0
22,136,5.04,3198.15,46.0,25.0
23,110,5.47,1521.45,28.71,0.0
24,74,8.78,12.97,25.83,0.0
25,94,7.38,397.78,33.51,0.0
26,113,5.8,9.35,17.15,0.0
27,405,1.67,7.7,14.16,0.0
28,125,4.7,262.89,16.96,0.0
29,69,9.78,9.7,19.46,1.0
30,28,22.64,2314.93,22.24,0.0
31,69,8.86,5342.09,63.72,2.0
32,116,5.71,2278.51,29.15,0.0
33,52,11.56,555.56,23.09,0.0
34,36,19.58,285.44,11.32,0.0
35,60,11.43,731.75,18.66,0.0
36,221,2.81,48.46,22.16,0.0
37,63,9.89,1169.97,47.25,0.0
38,27,16.63,10.19,26.15,0.0
39,64,10.3,215.28,78.65,0.0
40,400,1.59,3101.04,32.27,14.0
41,73,8.71,20.1,42.56,0.0
42,89,6.85,15.52,22.31,0.0
43,106,5.61,405.91,8.35,0.0
44,32,17.09,12.34,27.43,0.0
45,57,8.54,5.3,14.16,0.0
46,137,5.09,693.12,61.56,2.0
47,111,5.4,6.85,20.98,0.0
48,50,11.94,831.86,23.46,0.0
49,121,5.3,3629.11,53.26,0.0
50,15,37.47,9.73,23.43,0.0
51,83,8.39,15.23,36.71,0.0
52,139,5.02,1449.29,39.48,0.0
53,56,11.3,1495.3,35.04,0.0
54,11,41.91,3.82,9.37,0.0
55,141,4.51,3.01,7.61,0.0
56,201,3.05,55.4,33.29,2.0
57,194,3.39,729.68,16.01,0.0
58,268,2.35,4511.29,38.68,7.0
59,44,14.02,812.48,38.37,0.0
60,8,75.75,1397.62,50.12,0.0
61,11,56.09,5.82,16.71,0.0
62,33,18.27,8.18,10.89,0.0
63,33,18.94,4.88,17.87,0.0
64,264,2.66,7.08,14.84,0.0
65,122,5.2,4.97,16.74,0.0
66,29,19.55,8.38,13.65,0.0
67,227,2.67,1499.3,42.37,33.0
68,553,1.27,367.59,8.97,1.0
69,183,3.42,15.78,31.17,0.0
70,32,21.78,1.59,2.39,0.0
71,90,7.2,138.94,37.51,0.0
72,107,5.79,1316.53,60.5,0.0
73,164,3.68,1316.98,17.46,0.0
74,131,4.76,11.3,15.63,0.0
75,64,9.69,3481.05,18.24,0.0
76,16,41.69,10.25,19.75,0.0
77,87,8.1,33.92,71.58,1.0
78,210,2.96,7.36,11.93,0.0
79,154,3.94,1569.51,25.65,1.0
80,94,6.82,1435.13,31.94,1.0
81,152,4.33,19.36,36.54,0.0
82,51,12.29,2.9,11.11,0.0
83,110,6.09,383.03,10.76,0.0
84,52,12.52,167.33,23.23,0.0
85,282,2.46,472.29,16.65,0.0
86,46,13.15,355.87,87.38,0.0
87,45,13.82,8.89,26.72,0.0
88,229,2.71,1318.96,50.72,7.0
89,11,48.0,4.73,16.14,0.0
90,10,58.8,1669.4,49.04,0.0
91,181,3.61,1713.57,16.02,0.0
92,57,10.6,195.39,27.85,0.0
93,106,5.12,219.52,31.57,8.0
94,36,16.97,499.0,12.3,0.0
95,308,2.02,1466.37,21.1,0.0
96,59,11.64,7.03,20.04,0.0
97,180,3.68,2169.01,29.58,0.0
98,205,3.46,8.83,12.43,0.0
99,255,2.44,201.53,27.16,4.0
100,33,20.76,4226.33,69.53,0.0
101,242,2.45,1455.92,27.49,5.0
102,8,16.38,17.38,38.1,0.0
103,51,12.12,5.55,10.63,0.0
104,128,4.68,319.93,51.15,4.0
105,169,4.15,17.72,27.17,8.0
106,67,9.06,2885.96,30.07,0.0
107,41,15.02,2851.54,29.83,0.0
108,62,9.76,1121.29,43.08,0.0
109,104,5.7,14.85,33.66,0.0
110,185,3.48,1040.31,18.71,0.0
111,51,13.22,728.71,29.72,0.0
112,80,8.2,2349.34,16.78,0.0
113,223,2.75,4819.82,68.72,2.0
114,88,7.97,774.5,37.68,0.0
115,201,3.33,4967.9,65.98,19.0
116,83,8.01,4.69,7.8,0.0
117,94,7.24,283.97,27.32,7.0
118,90,6.73,2163.59,50.29,0.0
119,62,10.47,13.58,41.82,0.0
120,19,31.63,993.84,12.75,0.0
121,112,4.96,140.83,19.87,0.0
122,132,5.06,8.09,17.83,0.0
123,174,3.5,654.27,18.52,0.0
124,61,10.64,4.92,11.2,0.0
125,358,1.93,2715.28,29.61,2.0
126,31,19.71,12.94,27.53,0.0
127,191,3.22,1661.09,24.39,4.0
128,41,16.88,1005.73,33.68,0.0
129,40,14.38,7.98,11.89,0.0
130,20,15.6,1631.2,25.58,0.0
131,354,1.93,373.81,17.39,0.0
132,98,6.83,127.95,29.34,0.0
133,75,8.04,22.45,50.99,0.0
134,86,7.84,481.84,64.36,0.0
135,74,8.61,4.18,9.7,0.0
136,77,7.58,19.29,36.43,0.0
137,38,13.84,13.16,27.95,0.0
138,68,9.37,25.96,51.9,0.0
139,83,7.65,1491.76,37.03,9.0
140,140,4.67,6.59,12.29,0.0
141,52,12.71,282.87,8.62,0.0
142,176,3.93,7.06,13.21,0.0
143,408,1.5,759.9,16.11,3.0
144,88,6.3,10.76,24.16,0.0
145,59,10.83,10.86,24.92,0.0
146,41,16.54,678.95,20.56,0.0
147,36,17.53,2242.06,41.31,0.0
148,55,11.02,8.22,22.4,0.0
149,215,2.83,5772.74,55.45,0.0
150,6,87.17,16.67,38.39,0.0
151,49,12.04,1142.22,25.02,0.0
152,37,17.78,18.11,39.3,0.0
153,92,6.79,62.64,16.94,0.0
154,30,17.5,801.13,28.91,0.0
155,52,11.44,303.23,40.4,0.0
156,587,1.01,570.04,8.9,2.0
157,172,3.97,94.66,15.98,0.0
158,180,3.27,3.43,10.39,1.0
159,86,7.2,84.65,24.93,0.0
160,57,11.09,776.32,26.95,0.0
161,266,2.29,385.5,22.83,0.0
162,71,9.66,15.3,42.78,0.0
163,17,34.71,798.71,16.03,0.0
164,116,5.1,526.92,36.83,6.0
165,174,3.81,1707.91,17.22,2.0
166,122,5.34,10.06,25.08,0.0
167,20,33.5,19.6,63.4,0.0
168,37,18.32,464.41,13.81,0.0
169,24,25.33,2788.58,10.65,0.0
170,45,14.51,305.33,44.99,0.0
171,25,24.48,306.04,29.62,0.0
172,159,4.04,1019.83,11.14,0.0
173,10,32.4,12.1,23.5,0.0
174,27,22.56,23.74,44.76,0.0
175,51,12.71,14.51,22.63,0.0
176,23,21.61,2842.26,34.27,0.0
177,50,12.82,786.46,22.61,0.0
178,119,5.76,7.5,17.05,0.0
179,38,11.82,7.58,16.33,0.0
180,68,8.75,38.49,30.93,0.0
181,39,14.03,3854.69,42.84,0.0
182,36,17.42,20.25,32.29,0.0
183,136,4.87,5.94,11.48,0.0
184,257,2.38,2310.31,27.59,4.0
185,68,9.79,1375.72,31.44,0.0
186,3,201.67,6.67,19.84,0.0
187,59,11.34,7.24,11.88,0.0
188,43,14.79,858.16,42.97,0.0
189,38,16.13,771.18,21.11,0.0
190,23,24.7,12.3,30.27,0.0
191,34,20.15,746.32,16.26,0.0
192,95,6.99,15.77,39.77,2.0
193,136,4.87,5197.66,35.4,0.0
194,73,9.22,454.86,25.79,0.0
195,91,7.3,3383.48,45.79,0.0
196,186,3.46,279.52,28.29,5.0
197,55,11.47,16.35,35.08,0.0
198,461,1.36,9.26,18.78,0.0
199,54,11.67,6.81,12.37,0.0
200,80,8.61,6.54,14.58,0.0
201,48,12.21,15.25,29.9,0.0
202,37,17.27,578.05,26.08,0.0
203,42,14.36,1579.31,21.64,0.0
204,57,10.77,733.18,16.3,0.0
205,106,6.07,180.43,35.37,0.0
206,15,39.67,11.47,25.77,0.0
207,21,28.1,831.14,47.42,0.0
208,140,4.66,1588.75,30.69,6.0
209,196,3.14,1652.96,35.08,0.0
210,147,4.69,46.67,25.66,0.0
211,112,5.53,12.4,20.04,0.0
212,109,6.39,374.14,28.01,0.0
213,9,66.11,40.22,67.39,0.0
214,86,6.87,14.28,30.91,1.0
215,142,4.57,426.42,11.78,2.0
216,120,5.9,8.72,21.87,0.0
217,65,9.74,3190.03,37.46,0.0
218,164,3.67,5476.78,56.17,0.0
219,228,2.85,609.79,52.13,0.0
220,91,7.04,2428.99,27.75,0.0
221,79,7.57,591.68,36.45,0.0
222,130,5.11,1537.8,45.37,1.0
223,118,5.82,202.64,23.21,0.0
224,56,11.75,232.73,28.59,0.0
225,44,14.11,7.3,16.59,0.0
226,50,13.04,940.52,24.1,0.0
227,135,4.81,134.19,10.3,0.0
228,87,7.21,994.36,27.64,0.0
229,40,16.4,13.68,25.12,0.0
230,168,3.62,913.24,26.91,0.0
231,9,47.11,2151.44,36.19,0.0
232,631,0.95,836.14,20.12,1.0
233,15,39.33,21.53,43.03,0.0
234,19,32.63,7.05,13.72,0.0
235,200,3.48,2264.03,60.78,0.0
236,47,14.02,16.43,33.87,0.0
237,6,90.0,40.33,91.6,0.0
238,28,22.25,9.43,24.76,0.0
239,264,2.59,12.24,17.69,14.0
240,31,22.65,7.61,11.79,0.0
241,16,35.38,5.38,12.48,0.0
242,87,7.32,27.17,60.14,0.0
243,250,2.6,2713.7,32.3,4.0
244,41,15.32,22.76,41.44,0.0
245,48,14.15,2819.1,29.09,0.0
246,47,14.09,83.53,18.03,0.0
247,59,10.68,9.93,21.07,0.0
248,57,11.84,1465.98,105.95,6.0
249,137,4.56,133.66,20.61,1.0
250,121,4.94,20.29,49.52,0.0
251,83,8.16,98.94,27.33,2.0
252,9,61.44,3.89,10.42,0.0
253,385,1.79,422.72,28.56,0.0
254,43,16.07,5.35,10.28,0.0
255,18,38.61,12.89,37.34,0.0
256,125,5.42,911.86,78.8,33.0
257,122,5.25,133.15,22.05,0.0
258,211,3.16,182.89,12.47,0.0
259,54,12.65,7.56,21.45,0.0
260,30,19.57,229.2,14.17,0.0
261,44,12.32,3022.32,28.22,0.0
262,218,2.74,9.65,22.03,1.0
263,325,1.89,8.31,18.06,0.0
264,61,10.23,433.46,29.23,0.0
265,53,11.23,85.13,35.5,0.0
266,59,10.47,1203.9,53.05,0.0
267,26,24.19,275.35,14.83,0.0
268,30,18.9,12.93,26.97,0.0
269,84,7.24,7.71,21.01,0.0
270,41,14.76,358.37,22.52,0.0
271,98,7.16,242.56,14.04,0.0
272,7,54.0,1569.14,57.37,0.0
273,127,5.46,7.92,19.69,0.0
274,15,39.8,4.73,8.0,0.0
275,321,1.9,694.24,19.58,0.0
276,173,3.66,1629.28,33.29,1.0
277,31,21.23,12.0,24.32,0.0
278,84,7.87,9.58,24.45,0.0
279,53,10.91,2674.6,34.28,1.0
280,105,6.64,1320.85,22.63,0.0
281,79,8.72,156.43,18.93,0.0
282,110,5.91,1493.79,37.84,6.0
283,78,8.46,27.17,77.22,3.0
284,21,29.05,685.86,25.48,0.0
285,202,3.14,759.59,20.93,0.0
286,41,15.76,11.8,30.37,0.0
287,271,2.59,426.65,11.92,0.0
288,92,6.53,2561.67,33.86,0.0
289,183,3.19,3737.64,32.63,0.0
290,290,2.17,13.27,19.05,0.0
291,61,9.56,25.33,40.57,0.0
292,83,7.1,85.12,11.77,0.0
293,108,6.4,14.85,36.64,0.0
294,269,2.62,63.86,20.12,10.0
295,5,126.0,15.8,29.86,0.0
296,12,49.17,2994.0,12.44,0.0
297,114,5.43,76.11,31.01,0.0
298,7,33.14,17.57,32.12,0.0
299,11,54.73,13.55,22.02,0.0
300,107,5.76,19.72,46.49,0.0
301,81,8.46,36.11,89.03,0.0
302,95,6.24,116.66,18.92,0.0
303,199,2.99,396.49,24.52,0.0
304,304,2.33,1601.86,28.24,0.0
305,141,4.82,1304.14,27.14,2.0
306,185,3.3,1803.43,30.9,4.0
307,415,1.62,167.13,6.22,2.0
308,83,8.39,854.47,29.7,0.0
309,22,26.86,46.86,105.71,0.0
310,9,69.67,932.22,20.45,0.0
311,51,13.37,1440.9,26.49,0.0
312,40,15.2,25.38,64.45,0.0
313,4,8.75,11.0,23.14,0.0
314,41,16.98,42.34,73.27,0.0
315,11,56.73,7.82,16.56,0.0
316,53,12.11,179.75,19.58,0.0
317,61,11.08,40.57,99.73,0.0
318,92,6.99,181.39,13.5,3.0
319,109,6.11,2205.93,34.48,0.0
320,19,31.63,8.95,26.18,0.0
321,106,5.94,21.73,56.0,2.0
322,71,8.52,183.66,34.07,0.0
323,14,48.0,80.43,11.21,0.0
324,150,4.42,4028.19,57.03,1.0
325,75,8.36,219.29,38.01,0.0
326,26,23.19,7.92,28.45,0.0
327,27,22.56,5.04,8.4,0.0
328,239,2.69,1490.94,72.52,0.0
329,146,4.29,10.77,20.73,0.0
330,189,3.19,362.2,8.89,0.0
331,65,8.91,8.57,19.59,0.0
332,118,5.93,24.44,46.77,0.0
333,39,16.13,18.41,32.02,0.0
334,466,1.47,89.2,10.36,6.0
335,147,4.62,7.26,19.2,0.0
336,120,4.8,1001.59,25.75,0.0
337,61,10.18,511.52,15.3,0.0
338,154,3.61,103.86,17.47,0.0
339,67,9.04,17.52,24.91,0.0
340,29,21.34,16.9,36.47,0.0
341,30,17.7,10.0,13.12,0.0
342,48,12.54,21.92,44.28,0.0
343,67,10.46,8.67,24.64,0.0
344,48,12.9,2391.25,46.62,0.0
345,182,3.76,17.41,31.54,1.0
346,124,4.99,19.01,43.16,1.0
347,15,44.4,11.93,36.05,0.0
348,126,4.74,425.46,23.51,0.0
349,34,17.74,11.32,25.56,0.0
350,103,6.69,2886.73,29.93,0.0
351,296,2.08,190.56,25.88,3.0
352,6,101.33,2897.5,29.78,0.0
353,125,4.66,12.4,30.39,2.0
354,157,3.99,24.55,55.6,3.0
355,7,41.43,14.57,48.62,0.0
356,234,2.66,590.0,12.13,0.0
357,22,26.95,40.09,77.47,0.0
358,371,1.68,12.57,34.31,0.0
359,2,10.0,48.0,86.42,0.0
360,37,16.35,5.78,12.1,0.0
361,217,3.26,22.66,40.31,6.0
362,91,7.62,721.78,32.83,2.0
363,4,121.75,8.25,13.1,0.0
364,86,8.15,141.05,29.85,0.0
365,170,4.05,960.12,41.46,0.0
366,48,12.35,9.25,12.83,0.0
367,114,5.95,98.96,63.04,35.0
368,53,12.68,864.08,25.4,0.0
369,35,18.09,303.57,29.57,0.0
370,133,3.6,2474.78,25.46,0.0
371,161,4.03,43.99,97.62,0.0
372,10,48.8,946.0,44.04,0.0
373,13,46.15,4.31,7.45,0.0
374,163,4.12,784.58,43.56,0.0
375,24,25.04,319.04,8.5,0.0
376,493,1.31,5.48,9.56,0.0
377,133,4.59,11.48,23.81,0.0
378,325,1.99,421.29,14.51,9.0
379,2,294.5,14.0,27.82,0.0
380,129,4.78,30.34,59.89,0.0
381,93,7.46,110.44,33.56,0.0
382,34,18.24,1176.26,20.43,0.0
383,150,4.12,1287.56,38.42,1.0
384,80,7.51,1065.44,48.94,0.0
385,41,16.22,1235.0,71.46,0.0
386,281,2.39,410.4,16.64,0.0
387,131,4.63,14.18,43.49,1.0
388,58,10.43,173.5,22.18,0.0
389,271,2.22,1731.32,54.91,23.0
390,108,5.82,112.63,16.72,0.0
391,49,10.78,12.16,28.83,0.0
392,104,6.1,32.3,110.04,0.0
393,180,3.63,10.97,21.64,1.0
394,65,10.4,8.88,24.09,0.0
395,68,9.82,6.75,12.84,0.0
396,107,5.58,491.68,16.74,0.0
397,248,2.43,1590.46,24.85,7.0
398,125,4.73,989.65,16.74,0.0
399,17,32.35,1714.65,57.56,0.0
400,310,1.94,2782.34,59.66,4.0
401,96,7.28,13.32,26.45,0.0
402,80,8.04,1894.19,27.92,0.0
403,46,13.09,6.65,19.88,0.0
404,240,2.91,679.52,25.45,0.0
405,98,6.87,5288.7,37.28,0.0
406,45,13.96,664.04,39.48,0.0
407,52,11.83,6.33,13.39,0.0
408,56,11.04,14.54,44.12,0.0
409,135,5.09,1853.7,33.33,0.0
410,129,5.38,5.64,8.9,0.0
411,158,3.9,1086.77,42.39,0.0
412,112,5.61,149.97,21.66,4.0
413,284,2.34,2051.92,21.0,2.0
414,153,4.42,413.9,16.27,0.0
415,16,36.06,9.0,32.16,0.0
416,29,17.48,36.59,75.07,0.0
417,84,7.12,19.49,35.87,0.0
418,256,2.42,1370.47,27.19,0.0
419,46,12.2,889.28,36.88,0.0
420,99,6.92,10.1,21.52,0.0
421,194,3.22,3139.2,31.0,1.0
422,20,30.65,26.7,49.17,0.0
423,14,36.5,10.64,16.49,0.0
424,24,24.33,36.38,101.74,0.0
425,151,4.51,20.29,36.71,0.0
426,228,2.67,4468.29,34.48,11.0
427,53,13.23,7.68,20.25,0.0
428,95,6.58,21.49,35.38,0.0
429,43,13.98,5.77,12.63,0.0
430,107,5.64,78.46,22.22,0.0
431,36,17.17,5.17,14.77,0.0
432,257,2.75,322.49,13.57,0.0
433,76,9.0,6.55,12.5,0.0
434,117,5.42,45.76,32.3,0.0
435,93,6.82,12.72,19.54,0.0
436,30,19.33,30.5,77.29,0.0
437,90,7.77,2518.32,65.73,2.0
438,67,8.97,28.18,66.52,2.0
439,38,16.03,5.5,14.95,0.0
440,6,62.67,5.0,13.98,0.0
441,76,7.8,14.0,31.18,0.0
442,214,2.96,795.57,14.46,0.0
443,103,6.22,15.41,25.67,2.0
444,44,11.43,11.77,28.67,0.0
445,232,2.43,4.12,11.62,0.0
446,30,19.7,2.2,7.07,0.0
447,136,4.86,168.33,12.28,0.0
448,45,15.04,334.53,10.96,0.0
449,34,17.82,1647.85,24.34,0.0
450,65,9.0,12.78,23.7,0.0
451,161,4.35,320.04,14.76,0.0
452,26,22.38,16.92,30.27,0.0
453,34,18.59,8.56,21.85,0.0
454,356,1.97,58.36,23.08,1.0
455,25,25.76,19.52,50.14,0.0
456,94,7.21,216.27,67.17,0.0
457,78,7.92,186.99,9.21,0.0
458,127,4.68,252.46,13.27,4.0
459,67,9.93,5.37,17.83,0.0
460,113,5.56,445.94,6.73,1.0
461,39,15.59,848.36,17.05,0.0
462,97,6.76,7.0,15.57,0.0
463,587,1.05,875.28,9.89,1.0
464,173,3.72,586.62,20.75,10.0
465,44,14.09,4.8,8.69,0.0
466,17,33.59,7.94,24.9,0.0
467,145,4.81,8.21,18.23,0.0
468,334,1.97,51.97,17.47,0.0
469,165,3.95,769.24,46.96,5.0
470,156,4.46,604.49,14.78,0.0
471,51,12.8,146.59,30.0,0.0
472,96,6.41,28.89,86.41,11.0
473,70,8.97,3708.69,45.84,3.0
474,36,19.64,30.86,58.4,0.0
475,41,16.32,16.34,37.2,0.0
476,29,21.14,23.79,53.49,0.0
477,65,9.86,1246.2,12.5,0.0
478,20,28.25,1099.4,14.3,0.0
479,185,3.3,5.58,9.59,0.0
480,92,7.29,2884.92,39.63,0.0
481,49,13.33,21.08,41.96,0.0
482,61,10.44,60.8,30.3,0.0
483,98,6.93,13.85,27.74,0.0
484,137,4.92,110.38,21.64,2.0
485,162,3.66,4223.44,33.52,2.0
486,29,20.48,1599.62,31.81,0.0
487,9,63.11,4.56,14.85,0.0
488,20,29.6,10.55,20.35,0.0
489,212,2.94,2507.95,27.67,0.0
490,80,8.22,219.7,48.59,7.0
491,124,5.18,2566.34,39.0,0.0
492,117,4.4,4084.41,61.1,3.0
493,196,3.23,1108.34,25.13,0.0
494,1,0.0,5.0,8.17,0.0
495,73,8.51,17.99,41.79,0.0
496,13,41.38,16.15,49.88,0.0
497,63,9.44,6.56,12.17,0.0
498,58,11.4,62.1,15.59,0.0
499,70,7.2,5.07,10.76,0.0
500,5,87.0,11.6,16.96,0.0
501,22,29.64,8.36,21.73,0.0
502,57,10.33,22.3,40.33,0.0
503,151,4.1,57.25,31.28,3.0
504,7,84.29,50.71,73.76,0.0
505,18,32.72,4.11,10.47,0.0
506,32,20.56,1787.47,39.19,0.0
507,66,9.44,540.67,22.05,0.0
508,55,10.53,9.2,21.65,0.0
509,16,33.62,5.44,17.32,0.0
510,346,1.8,1092.63,22.84,0.0
511,373,1.85,802.62,14.55,0.0
512,25,24.4,1013.48,44.58,0.0
513,161,4.25,75.16,75.34,0.0
514,66,9.21,411.45,35.44,0.0
515,47,13.77,21.83,38.87,0.0
516,17,36.71,6.12,17.37,0.0
517,105,6.03,1055.25,35.65,0.0
518,153,4.03,150.54,32.2,5.0
519,32,20.38,10.88,25.6,0.0
520,112,5.78,43.41,18.49,0.0
521,53,12.68,7.21,16.2,0.0
522,3,138.0,2.33,9.78,0.0
523,277,2.27,1592.18,20.69,1.0
524,72,8.03,105.58,27.56,0.0
525,40,14.38,9.62,22.57,0.0
526,183,3.31,1646.07,25.0,0.0
527,130,4.61,10.85,27.55,0.0
528,17,41.18,10.35,21.99,0.0
529,56,12.27,17.29,32.7,0.0
530,53,12.15,117.94,27.85,0.0
531,40,14.92,11.28,26.52,0.0
532,23,23.22,6.74,17.47,0.0
533,64,9.98,21.31,43.64,0.0
534,465,1.29,55.55,2.83,0.0
535,34,17.03,15.56,38.49,0.0
536,87,8.07,50.84,17.9,0.0
537,45,12.4,11.07,31.36,0.0
538,69,9.42,408.14,63.51,0.0
539,65,10.09,1875.52,19.52,0.0
540,93,6.26,878.37,35.28,0.0
541,47,13.62,655.38,37.96,0.0
542,123,5.17,777.44,18.81,0.0
543,104,6.19,19.2,35.55,0.0
544,131,5.04,112.7,12.17,0.0
545,56,11.02,295.96,47.5,7.0
546,122,4.32,1971.63,27.37,2.0
547,55,11.13,121.91,30.49,0.0
548,93,6.42,538.55,45.76,0.0
549,98,6.06,9.76,23.46,0.0
550,39,17.1,10.87,21.92,0.0
551,52,13.21,6.81,16.42,0.0
552,44,14.82,29.66,52.03,0.0
553,265,2.32,326.43,27.39,0.0
554,21,30.57,28.38,72.59,0.0
555,21,26.52,8.9,26.72,0.0
556,15,42.67,6906.73,46.26,0.0
557,29,21.86,358.69,24.77,0.0
558,115,5.18,9.35,21.1,0.0
559,27,15.22,3.78,9.23,0.0
560,326,2.13,1360.49,22.36,3.0
561,26,25.0,1146.88,54.01,0.0
562,79,8.37,396.91,40.23,0.0
563,72,8.93,2040.38,34.57,0.0
564,52,12.33,510.46,16.2,0.0
565,21,29.95,7.86,23.72,0.0
566,146,4.31,419.49,8.34,0.0
567,254,2.67,100.13,12.34,0.0
568,180,3.92,24.17,47.85,0.0
569,102,6.3,655.09,66.17,0.0
570,35,17.74,17.06,40.0,0.0
571,16,35.94,840.56,69.64,0.0
572,45,9.47,74.58,20.07,0.0
573,102,5.88,981.16,30.51,3.0
574,120,5.19,1506.36,56.28,25.0
575,356,1.99,993.2,33.06,0.0
576,167,3.78,211.68,22.46,0.0
577,39,15.23,40.64,112.81,1.0
578,117,5.25,136.91,25.61,0.0
579,23,28.0,589.0,18.92,0.0
580,98,6.78,77.0,13.65,0.0
581,146,4.45,131.62,34.66,1.0
582,142,4.29,777.87,36.18,0.0
583,156,4.21,7.97,19.64,0.0
584,56,8.02,2140.59,19.61,0.0
585,42,16.33,338.52,19.17,0.0
586,211,3.12,1122.75,27.6,0.0
587,27,24.26,296.19,9.18,0.0
588,262,2.6,2773.68,36.41,22.0
589,17,35.82,8.18,17.59,0.0
590,134,5.06,11.56,24.91,0.0
591,325,2.03,279.04,41.65,0.0
592,34,18.47,9.21,19.44,0.0
593,57,12.07,255.21,11.34,0.0
594,104,5.84,368.24,23.28,0.0
595,146,4.39,7.91,16.26,0.0
596,113,5.82,49.41,26.52,1.0
597,100,6.68,18.74,38.26,0.0
598,213,3.05,392.17,15.75,0.0
599,5,119.8,28.6,71.56,0.0
600,166,3.95,1957.51,33.25,5.0
601,79,8.46,2856.52,66.35,0.0
602,53,12.08,2747.21,34.91,0.0
603,182,3.74,1315.15,17.69,0.0
604,56,12.5,16.41,41.28,0.0
605,128,5.15,3674.55,45.75,8.0
606,97,6.9,302.0,34.26,0.0
607,216,3.06,707.31,14.83,0.0
608,217,2.83,9.76,23.73,0.0
609,162,4.23,342.16,10.28,0.0
610,24,23.67,15.62,23.88,0.0
611,73,8.59,3844.93,31.73,0.0
612,144,4.33,1492.25,27.63,0.0
613,11,62.0,20.82,31.57,0.0
614,122,5.76,13.29,22.6,0.0
615,24,20.04,1609.21,14.43,0.0
616,10,67.3,29.4,47.61,0.0
617,27,24.89,22.11,48.72,0.0
618,544,1.09,1343.03,13.5,0.0
619,5,109.4,15.0,33.8,0.0
620,19,24.68,962.37,16.05,0.0
621,142,4.35,8.59,22.39,0.0
622,147,4.03,32.01,16.22,0.0
623,124,4.85,919.44,31.44,0.0
624,160,4.24,1795.67,37.52,0.0
625,34,17.62,102.88,36.29,0.0
626,25,27.48,26.0,25.97,0.0
627,45,13.8,919.33,39.68,0.0
628,18,38.17,19.89,63.78,0.0
629,27,22.81,376.85,13.98,0.0
630,206,3.43,4202.4,37.6,7.0
631,483,1.41,1705.62,19.21,1.0
632,94,6.45,1797.69,35.86,0.0
633,167,3.6,1434.76,32.9,0.0
634,35,11.54,17.71,44.43,0.0
635,34,18.29,4.5,10.67,0.0
636,227,2.83,421.94,39.85,4.0
637,113,6.0,56.67,22.21,0.0
638,164,3.6,4029.57,49.02,0.0
639,79,7.04,4.91,9.62,0.0
640,92,6.72,999.05,24.49,0.0
641,355,1.91,15.14,37.24,1.0
642,64,8.55,193.83,34.51,0.0
643,31,19.94,752.26,45.66,0.0
644,214,2.88,682.43,17.63,0.0
645,49,9.31,4.04,8.76,0.0
646,41,16.41,2560.29,41.26,0.0
647,129,5.03,2732.26,49.04,4.0
648,73,8.88,10.84,26.17,0.0
649,55,8.02,16.36,28.24,0.0
650,78,8.83,9.04,18.15,1.0
651,8,57.12,28.38,46.32,0.0
652,48,13.27,20.83,37.5,0.0
653,228,2.68,3047.52,47.47,0.0
654,146,4.61,7.6,15.96,0.0
655,61,11.34,1135.43,32.64,0.0
656,95,6.76,545.55,53.06,0.0
657,20,31.3,2.5,5.99,0.0
658,49,12.37,11.65,21.48,0.0
659,32,20.97,10.16,23.78,0.0
660,168,3.55,1157.38,47.35,0.0
661,394,1.55,5.44,20.99,0.0
662,39,15.97,13.03,35.43,0.0
663,105,5.66,313.03,30.47,0.0
664,31,18.52,20.87,32.1,0.0
665,39,17.38,8.41,18.36,0.0
666,100,6.26,5.27,10.21,0.0
667,66,9.14,695.83,16.99,0.0
668,57,10.96,12.81,20.19,0.0
669,119,5.72,557.37,77.01,0.0
670,192,3.54,1468.23,29.61,0.0
671,127,4.86,3581.35,40.08,0.0
672,121,5.31,486.16,22.57,0.0
673,50,13.8,6.4,14.09,0.0
674,139,4.88,15.76,34.01,0.0
675,223,2.73,1228.23,21.67,0.0
676,376,1.86,14.37,28.57,0.0
677,45,13.64,14.73,35.58,0.0
678,57,7.98,925.96,8.06,0.0
679,262,2.64,8.62,24.79,4.0
680,96,6.14,21.34,36.59,2.0
681,66,10.71,376.09,42.02,3.0
682,217,2.48,2299.3,20.45,0.0
683,9,53.56,11.56,18.9,0.0
684,107,6.31,412.65,19.18,0.0
685,201,3.03,208.24,29.95,0.0
686,21,26.19,9.19,25.46,0.0
687,69,10.17,21.13,46.46,5.0
688,28,22.21,38.96,114.56,0.0
689,3,90.67,6.67,9.65,0.0
690,273,2.52,715.16,18.18,0.0
691,54,12.41,19.98,46.51,0.0
692,124,5.11,1562.98,31.38,3.0
693,209,3.3,12.27,30.52,0.0
694,154,4.08,4.97,11.41,0.0
695,226,2.63,2305.57,37.72,0.0
696,326,1.82,2735.51,45.14,4.0
697,62,10.29,2098.0,45.54,0.0
698,127,5.54,138.55,9.48,0.0
699,150,4.31,5222.68,69.02,1.0
700,39,17.72,393.9,76.44,0.0
701,39,15.36,21.46,66.5,0.0
702,276,2.29,1483.68,29.73,4.0
703,219,2.91,4601.87,43.27,5.0
704,9,45.67,416.11,8.5,0.0
705,93,6.63,7.29,14.9,0.0
706,133,5.2,1406.0,30.26,0.0
707,498,1.22,3293.56,38.54,0.0
708,68,10.15,18.35,41.59,0.0
709,156,4.23,19.3,35.49,1.0
710,229,3.0,367.25,16.26,0.0
711,36,18.86,268.89,11.94,0.0
712,256,2.64,630.63,45.75,10.0
713,24,24.75,784.58,22.54,0.0
714,294,2.24,8.52,14.0,0.0
715,178,3.75,171.35,20.85,1.0
716,81,7.79,236.21,15.93,2.0
717,51,11.65,902.22,12.09,0.0
718,599,1.18,1451.97,32.22,5.0
719,34,20.09,17.38,32.31,0.0
720,86,7.66,4.74,19.52,0.0
721,46,12.87,223.26,12.03,0.0
722,136,4.46,1160.93,47.34,0.0
723,23,27.3,24.83,53.51,0.0
724,26,22.5,495.77,24.59,0.0
725,133,4.68,24.8,36.31,5.0
726,71,9.0,229.38,31.27,0.0
727,118,5.48,19.33,41.72,0.0
728,475,1.4,1729.52,22.6,0.0
729,32,20.25,14.47,36.23,0.0
730,92,7.47,5.08,12.08,0.0
731,233,2.65,856.88,13.52,0.0
732,104,5.68,1098.6,38.15,0.0
733,76,8.09,22.59,35.24,0.0
734,76,8.84,483.21,17.37,0.0
735,92,6.85,5.83,11.55,0.0
736,60,11.32,20.62,51.03,0.0
737,52,12.0,244.21,30.64,0.0
738,101,6.04,22.95,25.67,0.0
739,6,33.0,11.5,26.68,0.0
740,113,5.3,30.16,58.8,2.0
741,88,7.09,632.19,38.8,0.0
742,328,1.92,172.55,12.05,0.0
743,71,8.24,268.68,28.01,0.0
744,158,4.46,1720.31,29.94,0.0
745,180,3.59,19.02,37.3,2.0
746,39,12.38,1173.18,14.59,0.0
747,136,4.35,5.07,8.58,0.0
748,84,7.62,104.24,32.25,0.0
749,77,8.04,171.64,13.85,0.0
750,49,12.71,8.47,12.22,0.0
751,27,23.15,9.56,19.3,0.0
752,106,6.14,2933.34,35.78,0.0
753,50,13.56,20.42,43.54,0.0
754,32,18.34,22.0,47.97,0.0
755,307,2.19,10233.78,34.58,12.0
756,24,24.42,461.92,28.77,0.0
757,40,13.82,1061.95,50.58,0.0
758,17,34.35,536.24,20.29,0.0
759,41,16.51,9.9,31.08,0.0
760,70,7.33,90.11,26.75,0.0
761,178,3.49,1897.87,50.76,11.0
762,886,0.71,394.87,10.14,0.0
763,40,13.7,124.85,70.39,0.0
764,112,5.22,1513.44,28.54,3.0
765,30,20.8,4255.77,52.89,0.0
766,122,4.82,28.57,68.44,1.0
767,13,45.77,23.54,43.29,0.0
768,466,1.29,1117.41,14.34,3.0
769,46,14.33,175.93,33.56,0.0
770,43,13.86,2246.16,52.24,0.0
771,497,1.2,19.3,16.08,3.0
772,42,14.19,510.95,6.47,0.0
773,22,31.18,13.5,40.89,0.0
774,16,35.88,28.19,56.87,0.0
775,33,14.18,14.52,33.97,0.0
776,72,9.22,211.62,43.8,0.0
777,40,15.7,9309.35,68.64,0.0
778,123,4.92,757.25,18.58,0.0
779,86,7.41,15.14,45.56,0.0
780,67,8.99,4.82,8.65,0.0
781,57,10.77,15.02,29.22,0.0
782,70,8.47,521.81,22.24,0.0
783,17,32.88,12.06,22.78,0.0
784,134,5.15,2212.07,23.27,0.0
785,103,6.46,2164.87,20.29,0.0
786,204,2.95,11.94,36.44,0.0
787,190,3.2,5.18,13.18,0.0
788,295,2.19,811.56,25.47,10.0
789,26,26.96,4.88,14.24,0.0
790,58,10.31,382.93,49.01,0.0
791,21,29.24,6.9,14.43,0.0
792,23,26.3,674.35,14.66,0.0
793,107,5.75,744.04,17.12,2.0
794,32,18.75,21.81,54.77,0.0
795,45,14.0,13.31,28.8,0.0
796,50,13.84,203.7,8.91,0.0
797,92,6.47,9.27,33.26,0.0
798,54,12.28,517.22,29.38,0.0
799,68,9.99,1848.81,30.65,0.0
800,443,1.47,10.49,23.54,0.0
801,29,21.97,542.14,56.97,0.0
802,59,10.98,13.27,36.52,0.0
803,65,10.57,13.37,31.34,0.0
804,221,2.84,11.66,17.73,0.0
805,304,2.3,452.48,18.31,10.0
806,125,5.3,512.28,47.0,0.0
807,123,5.51,2139.16,32.63,5.0
808,206,2.98,548.6,11.25,0.0
809,57,10.79,7.65,10.87,0.0
810,37,16.73,6.27,14.6,0.0
811,39,16.79,11.05,17.44,0.0
812,93,7.05,6.47,12.53,0.0
813,33,20.88,493.79,62.58,0.0
814,23,24.96,233.91,33.64,0.0
815,47,12.7,22.62,38.35,0.0
816,106,6.38,196.52,32.72,0.0
817,147,4.13,14.67,32.67,0.0
818,52,12.33,2913.87,33.17,0.0
819,6,104.83,12.17,26.96,0.0
820,208,3.1,78.04,22.13,0.0
821,17,30.35,981.41,27.33,0.0
822,42,15.26,256.33,20.63,0.0
823,117,5.26,1000.05,22.14,0.0
824,57,10.82,155.33,20.47,0.0
825,242,2.63,3265.84,48.91,13.0
826,26,25.42,155.19,7.81,0.0
827,20,35.25,822.65,16.34,0.0
828,37,11.92,1631.43,30.36,0.0
829,32,18.97,445.16,51.1,0.0
830,231,2.76,5.35,7.33,0.0
831,166,3.85,18.33,53.2,0.0
832,14,46.36,12.21,34.23,0.0
833,34,14.56,579.76,58.1,0.0
834,28,23.54,1734.46,33.8,0.0
835,17,28.06,5.35,16.11,0.0
836,75,8.0,9.61,20.86,0.0
837,36,16.72,9.72,22.04,0.0
838,32,20.75,212.97,12.02,0.0
839,10,60.4,28.2,84.67,0.0
840,214,2.96,186.74,55.82,1.0
841,157,4.11,643.52,16.24,0.0
842,506,1.16,1008.88,14.88,0.0
843,74,9.26,82.76,35.39,0.0
844,141,4.48,87.6,38.3,0.0
845,117,5.32,714.01,43.57,3.0
846,34,17.68,12.85,32.97,0.0
847,53,11.3,2346.66,27.61,0.0
848,29,21.07,38.34,92.56,0.0
849,62,10.06,30.21,74.19,0.0
850,97,6.79,61.55,12.92,0.0
851,21,31.1,4.67,7.94,0.0
852,95,6.35,8.23,20.46,0.0
853,516,1.25,1417.33,26.16,0.0
854,36,15.72,7.61,15.33,0.0
855,216,2.77,10.36,26.01,0.0
856,182,3.36,891.15,27.91,0.0
857,43,13.93,41.28,93.97,0.0
858,42,15.24,6.64,14.15,0.0
859,194,3.28,1394.94,36.46,0.0
860,52,10.77,3.75,5.02,0.0
861,34,19.65,13.97,40.66,0.0
862,71,9.51,13.2,24.7,0.0
863,146,4.63,1206.42,14.96,0.0
864,109,6.33,31.51,72.41,12.0
865,35,16.8,976.91,53.94,0.0
866,136,4.88,1265.27,40.58,0.0
867,182,3.74,2760.0,33.46,6.0
868,162,3.8,3034.44,42.2,0.0
869,130,4.97,5.26,10.99,0.0
870,12,27.33,8.33,20.12,0.0
871,132,4.54,676.5,79.06,0.0
872,9,71.78,6.33,19.12,0.0
873,113,5.46,1670.7,26.0,0.0
874,5,106.4,16.4,44.44,0.0
875,68,9.44,13.31,21.67,0.0
876,200,3.01,1800.53,29.5,0.0
877,63,9.7,1317.33,53.26,10.0
878,181,3.42,247.04,33.04,2.0
879,96,6.5,2358.35,25.51,0.0
880,12,49.17,8.25,16.45,0.0
881,139,4.45,19.72,30.9,0.0
882,240,2.5,469.18,19.21,0.0
883,352,1.91,1637.95,28.88,4.0
884,70,9.93,5.0,9.63,0.0
885,87,7.38,514.63,29.92,0.0
886,198,3.5,1703.8,24.7,0.0
887,48,14.35,12.35,23.62,0.0
888,79,8.78,48.87,109.99,12.0
889,216,3.12,5028.48,60.11,23.0
890,31,20.19,781.39,34.48,0.0
891,113,5.61,29.65,62.26,0.0
892,22,24.18,11.5,20.15,0.0
893,111,5.86,205.77,42.6,0.0
894,31,20.35,14.48,35.33,0.0
895,211,3.22,1994.13,41.23,3.0
896,112,5.85,1332.3,47.09,1.0
897,62,10.34,5.08,13.55,0.0
898,315,1.92,2220.66,26.52,0.0
899,12,49.25,8.75,26.26,0.0
900,1223,0.53,1033.72,13.45,0.0
901,76,7.96,70.93,36.4,0.0
902,10,58.1,4.1,13.52,0.0
903,72,8.85,12.31,40.97,0.0
904,31,22.16,1027.58,28.72,0.0
905,31,20.74,1884.39,27.48,0.0
906,382,1.73,1619.02,18.45,1.0
907,92,7.63,11.04,21.23,0.0
908,199,3.09,935.76,30.64,2.0
909,713,0.9,1485.76,17.41,1.0
910,34,17.21,1587.35,34.06,0.0
911,75,8.11,1015.35,49.29,2.0
912,20,26.25,225.8,58.21,0.0
913,69,9.87,641.58,26.53,0.0
914,60,10.47,10.3,30.57,0.0
915,119,5.31,4.92,8.15,0.0
916,206,2.97,1144.69,18.27,0.0
917,44,10.84,5.48,11.1,0.0
918,152,3.89,40.62,20.63,0.0
919,135,4.39,63.7,10.88,0.0
920,238,2.78,567.31,24.74,4.0
921,9,61.0,5.33,11.26,0.0
922,150,4.39,1143.05,22.25,0.0
923,164,4.04,2052.32,20.16,0.0
924,95,7.42,9.06,24.59,0.0
925,79,7.68,3.33,6.14,0.0
926,241,2.9,2881.5,30.18,0.0
927,46,14.43,15.22,33.28,0.0
928,137,4.72,901.8,26.07,0.0
929,244,2.58,1375.44,21.9,4.0
930,43,15.0,7.84,22.49,0.0
931,42,13.67,1184.81,118.26,29.0
932,158,4.32,32.94,37.0,0.0
933,79,7.63,859.78,27.53,0.0
934,234,2.88,588.16,45.77,1.0
935,57,11.39,5164.88,27.45,0.0
936,502,1.28,123.06,14.12,4.0
937,68,9.24,144.43,24.56,0.0
938,26,22.73,396.31,63.36,0.0
939,154,4.06,173.31,34.12,0.0
940,65,8.89,8.89,19.41,0.0
941,122,5.01,685.76,18.08,0.0
942,215,2.77,152.15,27.4,0.0
943,144,4.35,718.01,23.85,0.0
944,104,6.07,3344.14,27.5,0.0
945,51,12.47,467.0,37.77,0.0
946,136,5.04,10.79,18.61,0.0
947,221,3.17,75.83,10.43,4.0
948,4,80.0,36.5,76.21,0.0
949,134,4.41,3719.64,43.28,3.0
950,58,9.09,693.28,34.95,0.0
951,18,38.5,2525.0,38.35,0.0
952,111,5.47,337.38,19.83,0.0
953,114,5.96,133.96,22.05,0.0
954,53,11.98,24.55,47.88,2.0
955,274,2.38,287.22,14.79,0.0
956,621,1.06,1755.96,16.48,1.0
957,576,1.18,131.91,6.52,0.0
958,11,54.82,12.36,28.49,0.0
959,60,10.02,1174.53,17.91,0.0
960,106,6.39,149.15,23.09,0.0
961,72,8.24,20.38,54.95,0.0
962,53,10.94,13.43,28.88,0.0
963,43,12.93,3501.16,47.36,0.0
964,88,6.89,47.25,23.24,0.0
965,52,13.42,16.56,33.92,0.0
966,16,35.25,3.56,12.63,0.0
967,10,57.7,14.7,29.94,0.0
968,167,4.05,30.56,58.71,1.0
969,8,78.0,23.0,38.95,0.0
970,15,40.4,2382.87,46.1,0.0
971,126,5.25,52.31,29.18,0.0
972,197,3.14,608.48,21.42,1.0
973,84,7.32,1389.07,160.55,0.0
974,43,14.93,609.88,46.35,0.0
975,182,3.31,3095.15,26.2,0.0
976,82,7.78,243.8,75.49,0.0
977,34,17.15,16.0,30.49,0.0
978,71,8.46,15.18,42.46,0.0
979,205,3.35,1867.65,62.71,28.0
980,29,21.66,1123.69,45.87,0.0
981,36,16.94,14.53,38.73,0.0
982,412,1.56,3228.1,45.61,19.0
983,196,3.3,9.34,19.42,2.0
984,32,19.16,20.38,38.12,0.0
985,110,6.43,628.69,18.7,0.0
986,90,7.41,9.04,20.31,0.0
987,75,8.95,13.4,31.13,0.0
988,196,3.58,2575.09,31.17,4.0
989,174,3.8,337.01,26.8,0.0
990,16,30.31,2060.12,15.44,0.0
991,31,20.03,695.39,45.8,0.0
992,102,5.95,355.54,8.07,0.0
993,126,4.78,85.16,24.32,6.0
994,21,32.57,13.48,27.69,0.0
995,21,30.14,20.14,57.96,0.0
996,139,5.01,56.43,15.98,0.0
997,92,7.37,1147.01,50.51,0.0
998,250,2.43,1153.64,33.22,1.0
999,57,12.14,17.6,37.79,0.0
1000,138,4.76,598.62,30.08,4.0
1001,90,7.71,19.29,45.36,0.0
1002,30,21.27,16.33,32.46,0.0
1003,63,10.4,16.75,41.09,0.0
1004,253,2.47,1785.66,14.66,0.0
1005,180,3.31,8.52,13.72,5.0
1006,11,55.36,996.55,14.68,0.0
1007,122,5.21,53.6,11.22,0.0
1008,40,15.3,2913.98,12.78,0.0
1009,23,22.48,5.35,5.46,0.0
1010,91,6.86,3006.45,27.32,0.0
1011,140,4.72,1583.82,24.97,3.0
1012,121,5.07,1048.88,19.36,1.0
1013,35,18.69,81.29,27.06,0.0
1014,161,3.98,419.14,26.09,0.0
1015,108,6.15,181.56,35.26,4.0
1016,40,16.27,476.12,77.25,0.0
1017,63,10.67,28.32,54.54,1.0
1018,167,4.02,226.88,12.81,0.0
1019,53,13.04,11.21,29.31,0.0
1020,171,3.66,257.11,55.91,1.0
1021,99,6.13,8.85,21.07,0.0
1022,36,14.97,4.22,7.31,0.0
1023,603,1.0,7429.38,63.55,0.0
1024,145,4.36,761.1,65.16,1.0
1025,81,8.04,22.91,43.85,0.0
1026,26,16.31,9.88,15.87,0.0
1027,41,16.0,11.95,25.98,0.0
1028,12,43.67,7.83,10.16,0.0
1029,276,2.23,5421.03,49.95,5.0
1030,30,19.43,14.63,42.01,0.0
1031,146,3.34,2620.81,28.99,0.0
1032,92,6.12,184.36,26.89,0.0
1033,26,21.62,22.0,52.58,0.0
1034,70,9.27,825.91,12.01,0.0
1035,4,48.75,14.25,45.76,0.0
1036,27,20.56,18.33,45.6,0.0
1037,33,20.91,16.64,32.63,0.0
1038,275,2.25,4.1,5.83,0.0
1039,82,7.32,20.98,63.03,3.0
1040,229,2.89,8.92,24.74,1.0
1041,291,2.19,12.24,24.59,0.0
1042,248,2.7,577.82,21.31,0.0
1043,19,29.42,36.21,52.04,0.0
1044,20,32.6,388.75,21.18,0.0
1045,295,2.16,1842.72,16.59,0.0
1046,153,4.21,1165.24,28.2,0.0
1047,80,7.44,6.18,13.16,0.0
1048,103,5.71,1718.98,18.78,0.0
1049,55,10.98,7.51,12.69,0.0
1050,135,4.39,5100.94,38.04,0.0
1051,55,11.47,473.04,41.38,0.0
1052,7,21.71,15.57,33.09,0.0
1053,96,6.25,374.08,48.09,0.0
1054,41,14.39,9.59,25.25,0.0
1055,81,7.93,110.67,14.87,0.0
1056,66,10.32,30.7,73.8,0.0
1057,184,3.57,20.09,44.67,0.0
1058,563,1.15,46.82,5.83,0.0
1059,5,104.2,7.2,14.58,0.0
1060,64,10.48,221.28,95.26,0.0
1061,147,4.23,952.96,42.26,0.0
1062,216,2.96,4.29,6.92,0.0
1063,57,9.42,15.23,23.29,0.0
1064,44,13.64,33.23,69.88,5.0
1065,50,13.38,47.2,103.34,0.0
1066,245,2.49,8.58,12.71,4.0
1067,62,10.79,1318.29,60.35,0.0
1068,111,5.54,24.0,11.91,0.0
1069,55,11.13,25.76,62.42,0.0
1070,177,3.8,3201.99,29.31,0.0
1071,84,7.14,16.23,24.43,0.0
1072,61,9.69,119.46,44.18,0.0
1073,121,4.96,804.45,24.91,0.0
1074,132,4.46,1082.66,58.86,4.0
1075,67,9.54,353.49,21.93,0.0
1076,86,7.13,7.78,26.06,0.0
1077,36,11.89,3451.33,41.47,0.0
1078,250,2.38,3492.4,27.54,0.0
1079,50,11.6,2526.78,20.03,0.0
1080,84,7.95,12.02,26.26,0.0
1081,139,4.53,110.92,73.39,2.0
1082,142,4.87,433.23,14.31,0.0
1083,54,12.69,102.11,25.87,1.0
1084,225,2.93,5.2,10.5,0.0
1085,106,5.59,2497.19,45.34,0.0
1086,30,20.8,533.0,39.62,0.0
1087,149,3.84,1245.96,20.2,0.0
1088,91,7.35,256.66,15.82,0.0
1089,96,6.88,901.07,25.05,0.0
1090,12,49.33,9.83,25.66,0.0
1091,116,5.0,6240.77,48.43,0.0
1092,42,14.83,115.93,22.49,0.0
1093,33,19.18,13.82,30.11,0.0
1094,95,7.26,221.18,62.48,0.0
1095,30,20.83,6.5,19.98,0.0
1096,47,14.45,6.19,12.6,0.0
1097,165,4.03,3379.25,53.37,0.0
1098,449,1.47,1328.37,21.16,16.0
1099,28,19.61,288.89,24.4,0.0
1100,26,22.65,1964.81,12.05,0.0
1101,16,36.44,1210.69,11.92,0.0
1102,81,8.4,11.67,27.94,0.0
1103,204,2.9,2319.04,29.92,0.0
1104,118,5.53,48.75,28.63,0.0
1105,9,69.44,1722.0,55.57,0.0
1106,38,17.76,7.92,17.98,0.0
1107,22,29.05,22.59,39.88,0.0
1108,22,27.64,7.18,13.28,0.0
1109,87,7.16,15.45,35.16,0.0
1110,133,5.23,10.55,41.42,0.0
1111,321,2.1,34.94,58.86,0.0
1112,52,11.15,4328.5,36.34,0.0
1113,176,3.63,205.68,24.95,5.0
1114,44,15.55,11.34,22.07,0.0
1115,51,12.92,2492.8,35.86,0.0
1116,64,10.83,141.59,43.42,0.0
1117,186,3.72,966.24,19.72,0.0
1118,16,33.12,798.5,59.12,0.0
1119,68,8.82,275.79,32.83,0.0
1120,87,7.33,186.52,19.98,0.0
1121,61,10.36,19.36,40.76,0.0
1122,77,5.0,350.43,16.06,0.0
1123,73,9.18,18.41,53.64,0.0
1124,79,8.43,38.78,24.0,0.0
1125,89,7.75,88.73,7.77,0.0
1126,28,21.75,41.89,90.83,0.0
1127,29,20.66,22.9,53.91,0.0
1128,234,2.97,380.59,12.94,0.0
1129,73,8.6,1535.34,32.9,0.0
1130,362,1.96,20.12,18.13,1.0
1131,102,6.78,13.05,29.75,0.0
1132,58,11.64,17.6,35.75,0.0
1133,115,5.92,122.13,11.98,0.0
1134,51,11.8,40.22,99.03,0.0
1135,64,10.58,162.84,11.7,0.0
1136,59,11.68,16.34,32.78,0.0
1137,134,4.83,183.01,15.84,0.0
1138,212,3.32,11.41,21.45,0.0
1139,92,7.07,25.65,81.95,0.0
1140,21,28.1,931.48,55.44,0.0
1141,59,10.31,9.85,19.28,0.0
1142,284,2.36,2736.38,53.45,1.0
1143,12,47.58,5.75,14.44,0.0
1144,24,28.33,693.17,7.8,0.0
1145,81,8.6,19.68,47.84,0.0
1146,345,1.78,1441.21,25.67,12.0
1147,57,11.09,26.7,66.3,0.0
1148,26,25.77,3063.46,18.41,0.0
1149,17,34.35,6.0,18.11,0.0
1150,14,32.43,32.07,60.38,0.0
1151,159,4.23,90.23,17.67,0.0
1152,77,7.58,717.9,16.96,0.0
1153,65,9.92,9.45,17.58,0.0
1154,127,5.08,14.75,29.95,0.0
1155,41,15.54,23.27,50.07,0.0
1156,29,20.21,12.97,34.46,0.0
1157,104,6.1,9.52,26.73,0.0
1158,219,2.88,573.93,13.26,0.0
1159,233,2.57,1017.79,19.18,0.0
1160,145,4.43,251.93,30.19,0.0
1161,63,10.89,85.08,21.87,0.0
1162,33,11.82,1567.42,13.08,0.0
1163,153,4.43,2278.84,31.42,0.0
1164,104,6.47,18.11,45.09,0.0
1165,57,10.93,907.58,24.8,0.0
1166,409,1.55,3183.17,30.07,11.0
1167,150,4.32,1714.01,45.33,2.0
1168,69,9.58,3.36,12.67,0.0
1169,128,4.91,124.09,40.31,0.0
1170,7,84.71,5.57,9.78,0.0
1171,34,17.32,378.18,29.31,0.0
1172,167,4.25,92.35,27.36,0.0
1173,41,15.51,1261.39,15.99,0.0
1174,122,5.13,10.33,17.68,0.0
1175,135,4.53,5087.12,54.84,5.0
1176,16,39.81,5.62,15.05,0.0
1177,17,34.53,8.35,19.88,0.0
1178,212,3.16,1210.7,23.69,0.0
1179,205,3.03,2842.47,45.99,0.0
1180,166,3.67,3067.48,32.71,0.0
1181,89,7.42,221.45,24.68,0.0
1182,124,5.14,475.41,15.86,0.0
1183,9,65.44,22.44,28.89,0.0
1184,13,52.54,390.69,54.92,0.0
1185,61,11.41,90.28,21.87,0.0
1186,79,8.57,1679.03,76.71,0.0
1187,133,4.8,12.39,22.53,0.0
1188,149,4.02,96.23,24.98,0.0
1189,51,12.61,7.63,18.71,0.0
1190,253,2.55,919.49,13.15,0.0
1191,98,6.27,10.14,25.37,0.0
1192,100,6.47,1802.92,14.83,0.0
1193,219,2.97,43.23,21.57,0.0
1194,62,9.9,10.52,20.59,0.0
1195,41,16.32,1095.8,31.0,0.0
1196,27,23.07,26.74,70.96,0.0
1197,160,4.09,2833.13,49.93,21.0
1198,44,13.39,8.39,22.83,0.0
1199,7,25.29,7.57,23.37,0.0
1200,30,20.6,22.0,53.98,0.0
1201,38,17.37,146.47,14.15,0.0
1202,25,26.6,573.12,23.5,0.0
1203,173,3.62,602.66,36.91,0.0
1204,81,7.78,109.01,25.22,0.0
1205,186,3.42,46.05,23.57,0.0
1206,381,1.71,7.42,16.2,0.0
1207,108,5.82,3.81,7.09,0.0
1208,54,11.17,305.76,19.96,0.0
1209,23,26.26,5.7,15.71,0.0
1210,37,16.95,15.81,24.9,0.0
1211,168,3.91,2713.0,53.84,0.0
1212,6,100.17,18.0,32.54,0.0
1213,46,14.65,1202.13,13.53,0.0
1214,7,88.57,7.29,17.56,0.0
1215,15,39.2,20.33,52.43,0.0
1216,134,4.6,18.37,39.58,0.0
1217,54,11.19,1655.3,49.2,0.0
1218,96,6.24,1780.41,32.22,0.0
1219,121,5.21,3.95,6.8,0.0
1220,31,19.97,14.68,25.39,0.0
1221,15,38.33,17.2,43.49,0.0
1222,174,3.92,15.45,33.53,0.0
1223,57,10.19,13.51,30.59,0.0
1224,92,6.46,14.78,25.69,0.0
1225,76,8.57,10.39,18.62,0.0
1226,76,7.76,42.36,82.07,0.0
1227,86,7.02,926.58,44.31,0.0
1228,797,0.88,1361.82,18.2,6.0
1229,385,1.78,3365.04,47.54,6.0
1230,20,31.5,4.1,12.93,0.0
1231,55,11.2,21.76,34.91,0.0
1232,22,23.32,11.36,22.2,0.0
1233,38,17.03,3305.18,46.8,0.0
1234,94,6.81,21.52,59.02,0.0
1235,20,29.55,2200.85,44.7,0.0
1236,194,3.12,10.08,20.58,0.0
1237,20,25.35,2115.2,52.56,0.0
1238,51,13.75,46.69,91.74,2.0
1239,26,23.65,39.77,79.56,0.0
1240,217,2.82,2077.49,51.84,0.0
1241,91,7.74,8.57,22.43,0.0
1242,35,16.89,11.37,23.72,0.0
1243,15,32.87,6.07,16.65,0.0
1244,34,18.44,7.71,17.75,0.0
1245,254,2.53,1035.26,17.6,0.0
1246,97,6.85,2264.74,55.96,0.0
1247,123,4.89,187.03,53.98,4.0
1248,158,4.13,1081.82,57.54,1.0
1249,23,25.91,11.87,21.37,0.0
1250,6,103.0,15.67,33.86,0.0
1251,53,11.3,152.3,6.15,0.0
1252,46,14.33,259.98,25.06,0.0
1253,24,21.67,12.62,23.76,0.0
1254,6,96.67,19.17,42.05,0.0
1255,28,22.64,9.86,18.65,0.0
1256,170,4.04,721.42,31.03,6.0
1257,31,19.9,2141.45,44.81,0.0
1258,232,3.04,220.57,15.1,0.0
1259,33,17.39,20.48,35.26,0.0
1260,168,4.09,100.69,66.67,0.0
1261,228,2.88,367.29,16.57,1.0
1262,29,21.38,15.9,26.54,0.0
1263,126,5.27,335.84,41.73,0.0
1264,132,4.94,764.18,48.93,0.0
1265,49,12.1,15.65,28.77,0.0
1266,115,5.94,7.43,14.41,0.0
1267,66,9.55,303.32,25.6,0.0
1268,71,8.8,64.13,42.44,0.0
1269,109,5.89,30.47,23.81,0.0
1270,73,8.41,17.34,47.33,0.0
1271,132,4.49,15.37,31.48,0.0
1272,258,2.63,61.22,38.84,0.0
1273,17,35.47,4.94,15.59,0.0
1274,273,2.4,13.82,45.8,0.0
1275,8,27.75,10.62,17.2,0.0
1276,20,29.65,300.7,31.17,0.0
1277,328,1.88,180.25,17.99,0.0
1278,19,31.74,13.47,38.86,0.0
1279,199,3.12,73.79,24.09,0.0
1280,24,25.0,3055.88,17.82,0.0
1281,38,15.79,949.29,20.75,0.0
1282,203,3.04,14.98,29.35,0.0
1283,49,12.04,4.69,6.78,0.0
1284,160,4.38,6.77,12.34,0.0
1285,137,4.62,274.39,36.85,1.0
1286,30,18.53,437.83,19.83,0.0
1287,159,4.39,10.47,17.72,2.0
1288,55,11.84,291.07,34.48,0.0
1289,525,1.35,1.82,2.88,0.0
1290,34,19.24,452.76,31.18,0.0
1291,103,6.59,16.12,31.94,0.0
1292,27,25.3,8.04,19.27,0.0
1293,176,3.64,11.78,15.7,0.0
1294,56,10.7,37.48,86.24,1.0
1295,68,9.68,12.15,24.08,0.0
1296,80,7.89,15.8,26.56,0.0
1297,147,4.67,1226.92,18.59,0.0
1298,50,11.88,204.3,29.76,0.0
1299,192,3.46,1896.39,31.04,6.0
1300,84,8.08,1711.63,35.23,0.0
1301,80,8.45,7.6,18.68,0.0
1302,36,16.94,1492.28,21.05,0.0
1303,212,2.88,2364.1,29.92,1.0
1304,90,7.22,5.17,9.99,0.0
1305,373,1.57,797.84,20.25,2.0
1306,171,3.65,36.2,17.79,0.0
1307,174,3.5,519.57,11.78,0.0
1308,23,24.61,6.7,13.94,0.0
1309,9,59.22,912.44,17.61,0.0
1310,34,17.65,269.85,25.23,0.0
1311,17,30.94,17.0,40.33,0.0
1312,134,4.78,1423.06,37.73,0.0
1313,30,19.57,14.2,34.37,0.0
1314,421,1.57,3545.99,34.04,0.0
1315,5,112.8,64.4,129.07,0.0
1316,58,11.84,186.81,64.42,0.0
1317,196,3.51,9.96,20.74,0.0
1318,74,8.12,672.36,75.46,6.0
1319,48,13.33,10.6,22.08,0.0
1320,14,48.21,15.21,25.74,0.0
1321,204,3.12,5.9,9.26,0.0
1322,16,38.69,6.25,16.29,0.0
1323,11,60.27,14.09,27.0,0.0
1324,42,14.81,32.55,63.51,0.0
1325,64,9.84,16.31,44.31,0.0
1326,394,1.59,1048.39,22.41,1.0
1327,9,32.89,850.78,53.02,0.0
1328,96,6.77,210.08,26.51,0.0
1329,31,21.19,376.23,49.87,0.0
1330,86,7.8,715.35,25.32,0.0
1331,105,6.28,7.88,17.34,0.0
1332,60,10.85,253.33,34.12,0.0
1333,129,4.9,21.07,59.77,8.0
1334,57,10.61,7.61,11.05,0.0
1335,31,18.45,440.35,31.58,0.0
1336,123,5.4,24.8,49.07,0.0
1337,244,2.47,3242.56,47.13,4.0
1338,189,3.47,264.99,9.44,0.0
1339,6,108.17,21.0,65.03,0.0
1340,57,11.35,3.86,8.99,0.0
1341,13,45.54,24.54,33.44,0.0
1342,12,52.42,1740.58,13.34,0.0
1343,12,47.75,12.42,22.27,0.0
1344,27,22.37,34.44,101.07,0.0
1345,56,12.27,9.52,24.08,0.0
1346,80,7.75,184.59,14.68,0.0
1347,131,4.91,1451.69,25.65,2.0
1348,23,23.57,6.3,14.1,0.0
1349,202,3.31,431.52,26.63,0.0
1350,131,5.06,85.48,19.61,0.0
1351,91,7.65,2.97,6.2,0.0
1352,138,4.3,3754.28,39.12,0.0
1353,132,5.2,215.17,30.45,0.0
1354,87,7.3,934.63,29.14,0.0
1355,14,48.86,15.57,39.13,0.0
1356,86,8.06,12.02,26.04,1.0
1357,87,7.48,1429.18,35.19,3.0
1358,123,5.12,51.13,20.05,0.0
1359,76,8.5,7.12,15.69,0.0
1360,23,26.87,12.78,27.4,0.0
1361,11,63.45,24.91,55.33,0.0
1362,61,9.62,5.61,23.26,0.0
1363,58,10.97,133.5,70.27,0.0
1364,145,4.89,6.93,17.01,1.0
1365,9,39.56,6.67,11.52,0.0
1366,256,2.46,119.89,16.57,0.0
1367,352,1.95,2851.12,34.45,1.0
1368,32,19.0,331.72,86.47,0.0
1369,144,4.81,8.0,21.57,0.0
1370,86,7.23,42.9,99.21,0.0
1371,45,11.67,407.87,18.57,0.0
1372,25,25.56,679.44,53.48,0.0
1373,40,16.23,330.18,16.44,0.0
1374,99,6.42,12.29,28.7,0.0
1375,122,4.9,114.2,30.7,0.0
1376,235,2.59,5594.49,46.98,10.0
1377,35,20.0,299.49,22.61,0.0
1378,121,5.55,382.53,57.3,0.0
1379,509,1.24,2423.29,27.5,0.0
1380,25,26.8,7.08,13.99,0.0
1381,49,12.0,1.69,2.74,0.0
1382,116,5.86,9.82,26.57,0.0
1383,128,4.8,4.95,11.97,0.0
1384,33,18.36,86.0,25.07,0.0
1385,112,5.64,25.84,50.33,0.0
1386,8,69.38,1818.12,13.89,0.0
1387,66,10.11,13.12,31.18,0.0
1388,151,4.58,2474.07,46.02,0.0
1389,41,14.34,23.88,69.3,0.0
1390,211,3.27,11.91,23.13,0.0
1391,169,4.04,5388.76,47.96,1.0
1392,109,5.4,896.8,21.24,0.0
1393,203,3.22,73.67,29.31,6.0
1394,151,3.9,12.28,29.08,3.0
1395,40,15.75,8.75,28.56,0.0
1396,229,2.45,499.28,31.34,1.0
1397,283,2.15,71.64,20.17,1.0
1398,20,30.15,8.85,20.25,0.0
1399,33,18.03,17.0,31.29,0.0
1400,11,53.73,13.73,25.85,0.0
1401,52,11.62,651.44,11.3,0.0
1402,165,3.93,332.37,13.61,0.0
1403,151,4.03,3075.11,24.33,0.0
1404,44,14.61,14.57,28.37,0.0
1405,55,11.47,171.29,45.11,0.0
1406,116,5.47,1247.93,32.68,0.0
1407,35,17.63,18.77,46.17,0.0
1408,57,10.56,8.95,18.51,0.0
1409,87,7.13,18.8,49.7,0.0
1410,45,14.6,953.42,56.13,0.0
1411,6,56.17,8.17,21.92,0.0
1412,77,9.04,22.3,52.64,3.0
1413,27,22.48,5.48,12.74,0.0
1414,17,35.24,5.88,16.12,0.0
1415,27,23.41,471.96,10.05,0.0
1416,6,107.67,3064.0,15.28,0.0
1417,75,8.48,3601.15,49.39,3.0
1418,78,8.41,144.72,35.07,0.0
1419,524,1.23,140.2,14.57,8.0
1420,79,7.68,405.96,49.27,0.0
1421,218,3.2,2858.94,25.39,14.0
1422,11,60.0,19.82,43.8,0.0
1423,189,3.12,350.42,8.97,2.0
1424,57,9.33,164.98,10.44,0.0
1425,131,4.6,14.1,29.23,0.0
1426,65,10.68,450.03,35.86,0.0
1427,83,7.88,16.59,31.81,0.0
1428,164,3.71,1632.27,29.95,1.0
1429,83,7.17,6.35,9.86,1.0
1430,344,1.85,5063.64,59.17,1.0
1431,155,3.9,60.23,17.54,0.0
1432,9,77.89,20.0,37.44,0.0
1433,8,80.0,3.88,8.76,0.0
1434,220,2.75,8.85,18.91,0.0
1435,13,44.54,16.54,39.37,0.0
1436,8,61.5,7.25,16.86,0.0
1437,99,6.77,37.67,48.24,6.0
1438,41,16.95,17.17,51.97,0.0
1439,33,17.27,293.48,16.84,0.0
1440,100,6.15,1591.87,25.52,0.0
1441,13,47.23,12.08,30.88,0.0
1442,29,21.83,6.52,10.78,0.0
1443,182,3.44,64.95,12.21,0.0
1444,23,25.13,5.87,14.09,0.0
1445,178,3.52,11.44,28.82,1.0
1446,44,13.32,712.59,47.63,0.0
1447,40,16.75,433.92,15.12,0.0
1448,80,6.88,54.59,24.09,0.0
1449,39,13.31,606.82,10.41,0.0
1450,90,6.61,892.84,18.3,0.0
1451,260,2.29,1982.87,25.77,12.0
1452,374,1.72,93.5,5.04,0.0
1453,761,0.81,125.81,28.46,21.0
1454,154,4.03,1931.88,32.04,0.0
1455,14,17.29,5066.5,58.58,0.0
1456,69,8.3,10.74,21.83,0.0
1457,39,16.49,35.1,68.39,0.0
1458,126,4.87,1358.5,27.62,1.0
1459,79,8.04,22.57,60.37,0.0
1460,57,10.23,1091.02,43.08,1.0
1461,290,2.34,1505.91,24.99,0.0
1462,120,5.12,271.77,40.25,1.0
1463,139,4.88,2520.14,24.89,1.0
1464,76,7.74,281.87,32.56,0.0
1465,56,12.14,471.09,18.54,0.0
1466,38,18.29,1028.18,27.09,0.0
1467,835,0.84,193.0,3.54,0.0
1468,81,6.49,2294.44,51.01,0.0
1469,44,11.98,13.89,26.36,0.0
1470,133,4.53,889.27,14.97,0.0
1471,32,19.31,3467.34,15.21,0.0
1472,4,82.5,22.0,67.38,0.0
1473,118,5.09,14.69,36.77,0.0
1474,72,8.64,16.19,33.97,0.0
1475,339,1.77,2363.56,43.82,13.0
1476,356,1.9,3512.77,26.63,0.0
1477,15,39.93,6.0,18.61,0.0
1478,6,66.83,5.5,14.76,0.0
1479,716,0.96,291.02,12.75,0.0
1480,27,21.56,6.78,5.64,0.0
1481,164,3.77,563.12,20.11,0.0
1482,18,30.94,28.44,57.91,0.0
1483,112,6.3,1047.83,42.19,2.0
1484,106,5.66,15.9,30.28,0.0
1485,66,10.15,8.88,33.15,3.0
1486,14,43.43,14.0,39.17,0.0
1487,38,15.76,681.03,38.72,0.0
1488,76,7.86,621.17,42.72,6.0
1489,536,1.2,1478.7,32.19,0.0
1490,208,3.39,1111.83,24.35,0.0
1491,289,2.17,9.03,19.5,1.0
1492,95,7.28,6.51,12.91,0.0
1493,25,23.52,1040.0,37.73,0.0
1494,85,7.35,16.22,30.53,2.0
1495,165,3.8,7.68,10.79,0.0
1496,12,46.58,32.25,71.08,0.0
1497,9,66.33,17.67,58.59,0.0
1498,26,22.27,15.65,36.93,0.0
1499,89,6.82,164.94,23.66,0.0
1500,54,10.81,79.94,19.47,0.0
1501,205,2.97,4267.97,41.42,0.0
1502,47,13.83,18.34,45.97,0.0
1503,18,34.17,4.17,6.54,0.0
1504,3,39.67,3.0,22.11,0.0
1505,103,5.26,17.31,39.35,3.0
1506,144,4.61,10.7,16.59,0.0
1507,26,23.0,2625.0,57.67,0.0
1508,81,7.72,1293.22,22.83,4.0
1509,204,3.2,2880.84,31.63,1.0
1510,1300,0.48,458.44,8.62,0.0
1511,149,4.23,11.9,25.1,1.0
1512,93,7.34,3039.44,18.0,0.0
1513,64,10.17,5.38,14.56,0.0
1514,57,10.68,18.51,41.32,0.0
1515,99,6.67,16.13,42.0,0.0
1516,15,24.0,4.73,12.64,0.0
1517,135,4.69,293.96,28.67,0.0
1518,34,18.12,120.62,40.4,0.0
1519,30,21.7,295.2,80.86,0.0
1520,142,4.27,4669.57,27.04,0.0
1521,43,13.47,11.51,17.53,0.0
1522,35,15.46,16.77,31.04,0.0
1523,67,8.9,2027.21,24.9,0.0
1524,60,10.45,4121.67,46.68,0.0
1525,38,16.55,23.87,43.3,0.0
1526,199,3.19,8.1,14.58,0.0
1527,321,2.11,5403.84,53.88,0.0
1528,239,2.75,1283.95,33.83,1.0
1529,244,2.52,2372.7,36.99,19.0
1530,48,12.48,712.6,18.33,0.0
1531,45,14.22,230.42,21.75,0.0
1532,86,7.17,1497.87,22.28,0.0
1533,22,27.91,8.27,11.6,0.0
1534,313,1.93,2434.18,27.0,15.0
1535,247,2.55,169.15,34.23,0.0
1536,164,4.05,2870.82,42.44,0.0
1537,148,4.32,900.14,19.45,0.0
1538,32,20.12,8.56,15.78,0.0
1539,10,58.3,2.3,7.94,0.0
1540,143,4.28,16.84,25.17,0.0
1541,102,5.78,176.58,75.92,6.0
1542,116,5.84,6.31,16.98,0.0
1543,84,6.86,14.75,31.1,0.0
1544,54,12.43,2564.56,45.52,0.0
1545,174,3.7,188.98,22.69,0.0
1546,113,5.22,839.34,36.24,0.0
1547,289,2.3,1509.39,7.69,0.0
1548,112,6.04,102.56,34.38,0.0
1549,177,3.98,450.68,11.24,0.0
1550,338,1.94,64.57,7.52,0.0
1551,18,38.17,20.39,44.45,0.0
1552,35,17.31,14.26,30.99,0.0
1553,16,42.38,6.19,8.8,0.0
1554,46,14.85,1189.13,21.36,0.0
1555,89,7.16,8.12,16.25,0.0
1556,138,4.46,18.14,27.53,0.0
1557,195,3.18,3542.68,33.48,0.0
1558,145,4.88,10.48,30.95,0.0
1559,60,11.48,13.6,45.42,0.0
1560,44,13.48,13.23,27.48,0.0
1561,6,87.33,27.5,66.9,0.0
1562,39,15.79,434.85,30.72,0.0
1563,113,5.2,241.49,42.08,0.0
1564,36,17.28,4.44,12.16,0.0
1565,31,19.06,414.06,14.45,0.0
1566,347,1.77,1664.66,30.45,4.0
1567,155,3.81,8.86,13.7,0.0
1568,81,7.42,25.05,56.49,2.0
1569,104,6.65,7.48,12.94,0.0
1570,51,10.92,19.45,46.86,0.0
1571,49,13.27,517.82,11.59,0.0
1572,52,11.63,1880.25,48.93,0.0
1573,96,6.26,2.24,3.88,0.0
1574,28,19.43,79.79,129.14,0.0
1575,55,11.29,155.67,29.86,0.0
1576,18,37.56,17.06,26.17,0.0
1577,82,7.54,724.56,46.28,0.0
1578,94,6.17,390.59,30.29,0.0
1579,600,1.16,1522.64,21.16,0.0
1580,201,3.28,104.72,8.81,0.0
1581,28,9.82,19.32,44.62,1.0
1582,37,13.57,441.16,51.54,0.0
1583,20,30.05,4.5,16.91,0.0
1584,317,2.22,1046.52,23.46,0.0
1585,150,4.25,2877.79,62.36,0.0
1586,72,8.51,10.6,31.07,0.0
1587,68,9.18,439.09,10.51,0.0
1588,234,2.6,221.82,22.22,1.0
1589,18,34.94,8.44,18.97,0.0
1590,152,4.61,19.89,52.85,3.0
1591,111,6.16,3061.47,43.65,28.0
1592,52,11.69,3282.65,45.61,0.0
1593,43,14.47,789.12,41.61,1.0
1594,118,5.03,712.86,25.31,0.0
1595,139,4.78,2894.52,40.6,0.0
1596,28,22.61,32.64,76.95,0.0
1597,54,11.48,178.39,14.85,0.0
1598,445,1.36,459.95,25.88,1.0
1599,182,3.76,18.07,33.85,0.0
1600,64,10.41,1625.25,14.29,0.0
1601,23,30.48,25.3,56.02,0.0
1602,159,4.0,16.92,40.41,4.0
1603,11,42.55,25.82,44.79,0.0
1604,156,3.88,2.83,5.25,0.0
1605,57,10.54,7.65,12.79,0.0
1606,21,28.05,21.24,53.9,0.0
1607,138,4.7,13.66,28.14,0.0
1608,40,15.22,380.1,35.0,0.0
1609,412,1.62,5210.47,67.62,4.0
1610,11,34.55,5.82,14.95,0.0
1611,51,12.43,253.22,13.28,0.0
1612,151,4.52,4385.57,55.82,0.0
1613,136,4.9,22.43,49.26,0.0
1614,75,8.12,89.65,6.91,0.0
1615,42,14.69,131.05,20.7,0.0
1616,38,16.16,149.89,32.52,0.0
1617,104,6.59,102.5,39.11,0.0
1618,99,5.99,3619.28,46.09,8.0
1619,185,3.34,2225.83,24.08,0.0
1620,337,1.9,1249.15,27.36,0.0
1621,90,6.86,334.37,35.91,0.0
1622,106,6.4,945.4,36.27,0.0
1623,180,3.32,789.92,26.3,0.0
1624,82,7.01,7.82,19.12,0.0
1625,41,14.41,5.88,11.33,0.0
1626,2,166.5,4.0,21.48,0.0
1627,114,5.69,2023.39,30.56,1.0
1628,18,35.33,11.06,30.38,0.0
1629,9,73.33,29.0,65.63,0.0
1630,188,3.23,15.41,49.28,3.0
1631,353,1.74,42.39,29.54,0.0
1632,64,9.41,1851.84,32.89,0.0
1633,219,3.2,968.3,46.41,11.0
1634,85,7.92,58.74,54.31,2.0
1635,20,28.5,2.8,6.45,0.0
1636,22,29.09,27.86,54.44,0.0
1637,66,9.7,276.91,17.73,0.0
1638,51,11.39,8.86,10.83,0.0
1639,110,5.74,12.81,23.44,0.0
1640,151,4.22,1731.5,29.21,0.0
1641,47,13.17,852.66,12.29,0.0
1642,125,5.44,43.68,16.77,2.0
1643,46,13.65,887.61,31.77,0.0
1644,26,23.0,401.04,15.29,0.0
1645,8,68.88,11.62,37.06,0.0
1646,68,9.56,6.03,22.85,0.0
1647,12,51.83,2.42,4.21,0.0
1648,116,5.38,4650.09,45.26,5.0
1649,48,12.52,283.04,23.59,0.0
1650,106,5.55,8.66,21.31,0.0
1651,65,10.43,11.0,31.16,7.0
1652,39,18.0,7.87,24.26,0.0
1653,541,1.15,1969.79,35.4,1.0
1654,40,15.72,651.42,19.66,0.0
1655,41,17.15,6.22,12.26,0.0
1656,10,63.1,12.7,45.82,0.0
1657,50,11.48,843.96,12.96,0.0
1658,69,8.9,10.67,25.78,0.0
1659,130,4.75,106.68,21.7,0.0
1660,62,10.4,200.92,32.99,0.0
1661,44,15.0,1629.43,32.4,0.0
1662,83,7.43,43.23,103.83,0.0
1663,196,3.13,2400.19,9.36,0.0
1664,41,15.02,1761.02,53.52,0.0
1665,108,6.11,632.94,14.42,0.0
1666,82,6.79,50.65,13.15,0.0
1667,42,15.57,10.67,21.22,0.0
1668,94,6.36,1188.45,24.29,0.0
1669,10,67.6,12.5,29.8,0.0
1670,19,31.68,122.95,5.08,0.0
1671,38,16.84,18.5,37.38,0.0
1672,75,8.93,247.53,22.91,0.0
1673,110,5.37,2399.24,43.4,0.0
1674,8,44.88,12.88,15.04,0.0
1675,102,5.64,738.12,47.67,1.0
1676,97,6.09,2138.96,53.64,2.0
1677,193,3.57,23.09,65.08,5.0
1678,79,7.35,126.29,33.09,0.0
1679,47,14.45,3.09,5.88,0.0
1680,51,12.16,17.53,39.99,0.0
1681,90,6.48,1163.24,28.91,0.0
1682,10,62.3,798.2,15.89,0.0
1683,86,7.9,142.69,22.34,0.0
1684,50,12.86,81.82,28.99,0.0
1685,97,6.84,6.72,16.2,0.0
1686,95,6.34,135.54,13.83,0.0
1687,106,5.75,14.97,35.53,9.0
1688,36,16.72,1009.92,26.98,0.0
1689,122,5.75,947.98,22.23,0.0
1690,59,10.2,12.0,25.56,0.0
1691,50,12.32,19.06,45.67,0.0
1692,150,4.61,745.36,13.45,0.0
1693,164,3.68,601.54,50.94,2.0
1694,249,2.42,1305.12,32.35,7.0
1695,160,4.26,206.21,7.34,0.0
1696,62,9.77,16.48,42.58,0.0
1697,42,14.1,231.21,22.6,0.0
1698,38,16.53,25.39,46.25,0.0
1699,29,21.03,14.17,36.72,0.0
1700,33,18.24,24.85,48.69,0.0
1701,31,19.45,4432.52,44.85,0.0
1702,30,18.3,28.33,64.24,0.0
1703,233,2.56,11.0,19.95,0.0
1704,46,15.28,239.52,8.71,0.0
1705,176,3.82,44.4,10.26,0.0
1706,18,34.22,10.94,20.0,0.0
1707,749,0.93,4.35,8.79,1.0
1708,58,10.43,31.33,61.58,3.0
1709,87,7.33,586.14,24.62,0.0
1710,215,3.2,1896.0,55.74,4.0
1711,11,52.64,1280.09,60.45,0.0
1712,33,17.36,10.42,22.09,0.0
1713,37,18.51,17.49,46.86,0.0
1714,9,68.56,13.78,29.41,0.0
1715,53,12.98,7.77,18.56,0.0
1716,180,3.39,94.46,10.83,0.0
1717,88,7.41,180.83,19.98,2.0
1718,35,19.17,9.03,24.82,0.0
1719,83,7.69,18.06,40.99,0.0
1720,142,4.38,316.56,40.53,0.0
1721,17,35.0,9.59,19.98,0.0
1722,258,2.65,1385.1,43.53,1.0
1723,86,7.84,234.33,51.97,0.0
1724,95,6.53,194.52,27.65,0.0
1725,19,33.0,11.21,43.51,0.0
1726,182,3.62,3493.37,44.68,27.0
1727,2,4.5,16322.5,74.5,0.0
1728,21,28.57,27.14,72.25,0.0
1729,85,7.91,73.2,34.24,0.0
1730,167,4.03,7580.87,21.02,0.0
1731,72,8.89,1287.43,47.94,0.0
1732,98,6.08,16.55,34.97,1.0
1733,34,20.62,13.88,43.75,0.0
1734,19,30.0,390.89,8.51,0.0
1735,93,6.53,830.4,41.97,0.0
1736,22,24.0,8.55,17.02,0.0
1737,27,22.26,10.44,13.0,0.0
1738,62,10.58,10.63,22.25,0.0
1739,34,18.21,12.74,22.89,0.0
1740,390,1.58,1215.54,30.61,0.0
1741,15,38.67,591.47,10.8,0.0
1742,282,2.23,12.46,7.59,0.0
1743,43,14.6,3333.09,27.18,0.0
1744,58,10.86,9.76,18.77,0.0
1745,125,5.59,10.3,20.73,0.0
1746,49,12.88,344.27,44.43,0.0
1747,92,7.14,2913.42,33.33,0.0
1748,247,2.4,901.18,20.9,0.0
1749,122,5.02,3396.9,34.5,0.0
1750,20,29.1,599.3,36.82,0.0
1751,142,4.86,16.74,29.18,1.0
1752,196,3.32,199.99,33.64,0.0
1753,456,1.35,429.46,6.5,2.0
1754,209,3.19,849.91,19.71,2.0
1755,31,20.0,14.55,38.79,0.0
1756,67,9.67,2236.33,49.91,0.0
1757,10,42.0,9.5,25.31,0.0
1758,70,9.67,12.64,29.17,0.0
1759,219,2.69,364.52,18.31,1.0
1760,53,13.0,4.77,10.63,0.0
1761,31,19.58,24.74,59.53,0.0
1762,344,1.8,4854.3,44.65,5.0
1763,149,4.21,8.17,26.3,0.0
1764,135,4.42,4317.17,84.53,9.0
1765,62,9.82,451.9,47.56,0.0
1766,38,16.34,7.45,12.12,0.0
1767,485,1.44,62.31,18.98,0.0
1768,70,8.5,104.26,21.75,0.0
1769,156,4.45,163.08,47.74,0.0
1770,477,1.38,1864.6,18.43,0.0
1771,11,56.73,18.64,48.38,0.0
1772,97,6.1,12.05,25.29,0.0
1773,91,6.95,2312.35,36.89,4.0
1774,66,9.41,33.23,75.95,0.0
1775,211,2.83,2744.7,44.95,0.0
1776,231,2.49,9.69,16.12,0.0
1777,75,8.16,5.41,15.6,0.0
1778,259,2.42,5254.07,36.05,11.0
1779,109,6.11,590.87,32.19,0.0
1780,43,15.23,16.21,32.88,0.0
1781,93,6.69,1750.71,34.72,0.0
1782,37,17.27,983.81,47.1,0.0
1783,91,7.19,2581.13,45.34,0.0
1784,40,16.7,18.82,49.52,0.0
1785,75,8.55,10.89,20.74,0.0
1786,44,13.32,764.23,9.31,0.0
1787,61,10.7,10.61,17.99,0.0
1788,152,3.99,2107.45,59.69,3.0
1789,23,29.04,5.35,12.75,0.0
1790,47,13.49,20.04,42.1,0.0
1791,140,4.34,849.68,21.22,3.0
1792,126,5.06,1032.35,24.92,0.0
1793,63,10.89,140.83,29.98,0.0
1794,77,8.95,378.84,46.68,0.0
1795,1138,0.55,112.96,8.57,14.0
1796,60,10.55,1819.7,43.35,0.0
1797,115,5.53,18.59,48.27,5.0
1798,42,14.33,28.24,58.51,0.0
1799,52,12.23,4.42,7.61,0.0
1800,85,7.71,7461.51,43.14,0.0
1801,64,9.47,606.59,11.86,0.0
1802,52,11.23,565.67,92.99,1.0
1803,216,3.21,27.68,66.76,0.0
1804,311,1.96,2455.28,32.96,6.0
1805,77,8.34,214.71,10.29,0.0
1806,139,4.76,112.58,28.63,0.0
1807,212,2.77,402.09,36.67,0.0
1808,96,7.03,6.72,19.0,0.0
1809,61,11.2,13.8,24.74,0.0
1810,266,2.29,749.33,15.13,0.0
1811,16,36.5,1906.25,53.28,0.0
1812,104,5.73,404.89,18.74,0.0
1813,4,144.25,24.5,58.36,0.0
1814,52,11.62,220.48,79.0,0.0
1815,89,6.63,3077.3,49.5,0.0
1816,160,4.02,1363.59,24.18,0.0
1817,48,12.65,59.29,21.35,0.0
1818,72,9.67,281.32,18.52,0.0
1819,68,8.66,220.87,21.27,0.0
1820,77,7.09,363.71,54.65,1.0
1821,128,5.26,759.14,38.57,0.0
1822,218,2.94,48.55,16.13,0.0
1823,377,1.58,1947.98,32.54,30.0
1824,165,3.9,8.61,18.89,0.0
1825,43,12.35,2318.09,42.6,0.0
1826,111,5.65,12.86,17.97,0.0
1827,41,16.88,7.98,16.64,0.0
1828,86,6.59,118.9,67.6,0.0
1829,320,1.95,918.23,20.68,0.0
1830,1,0.0,10.0,39.44,0.0
1831,166,3.6,2880.49,33.51,9.0
1832,55,11.13,13.0,24.68,0.0
1833,83,8.37,78.51,36.05,0.0
1834,135,4.26,666.26,27.92,0.0
1835,310,2.24,2656.38,35.47,0.0
1836,93,6.87,1295.78,32.17,0.0
1837,160,3.95,1561.42,47.05,0.0
1838,34,17.0,16.24,34.69,0.0
1839,99,5.97,10.34,17.82,2.0
1840,37,12.57,5.65,9.11,0.0
1841,32,18.88,32.53,75.06,0.0
1842,19,31.11,18.21,47.72,0.0
1843,42,16.19,5.86,18.34,0.0
1844,83,7.37,7.23,18.36,0.0
1845,151,4.38,105.62,83.76,2.0
1846,25,24.32,13.92,27.62,0.0
1847,103,5.9,221.36,26.01,0.0
1848,110,5.46,2537.14,98.62,0.0
1849,162,4.1,9.22,16.46,0.0
1850,223,2.64,2995.3,30.86,2.0
1851,41,16.49,12.39,30.62,0.0
1852,317,2.15,2841.41,30.91,0.0
1853,36,18.31,2.78,7.62,0.0
1854,273,2.44,1857.57,27.96,5.0
1855,11,57.09,1450.27,22.9,0.0
1856,459,1.51,25.39,10.16,10.0
1857,82,8.33,1099.48,21.41,0.0
1858,67,9.07,17.45,42.69,0.0
1859,35,17.2,17.63,51.18,0.0
1860,58,9.19,473.12,12.99,0.0
1861,123,5.72,9.25,15.19,0.0
1862,142,4.3,820.78,15.56,0.0
1863,14,32.64,11.21,29.39,0.0
1864,164,3.7,2899.61,103.3,4.0
1865,161,4.26,16.93,41.32,0.0
1866,15,36.4,7.07,10.6,0.0
1867,75,8.33,830.31,14.58,0.0
1868,39,17.38,260.49,17.97,0.0
1869,119,5.35,315.51,30.51,5.0
1870,37,17.16,4.95,8.21,0.0
1871,20,30.9,11.55,27.37,0.0
1872,162,4.07,1134.85,23.23,1.0
1873,269,2.54,1474.16,21.14,0.0
1874,33,17.61,2134.48,25.28,0.0
1875,44,14.11,2444.16,20.66,0.0
1876,5,125.6,2765.6,17.24,0.0
1877,64,10.56,12.64,30.86,0.0
1878,35,19.83,9.14,17.88,0.0
1879,274,2.23,11.1,17.74,0.0
1880,36,17.36,13.5,21.48,0.0
1881,119,5.01,2761.19,24.49,0.0
1882,26,23.62,6.42,15.6,0.0
1883,126,5.27,109.79,19.53,0.0
1884,30,21.13,233.13,19.76,0.0
1885,13,45.77,5122.15,20.41,0.0
1886,31,21.42,5.61,13.1,0.0
1887,88,7.57,4.86,9.96,0.0
1888,11,41.27,419.0,12.33,0.0
1889,46,12.98,806.26,39.21,0.0
1890,51,12.33,14.41,37.93,0.0
1891,38,16.16,14.79,35.39,0.0
1892,307,1.97,446.93,18.02,0.0
1893,18,34.06,4102.83,20.76,0.0
1894,42,13.26,1163.26,55.61,0.0
1895,49,12.86,5.55,18.93,0.0
1896,129,4.93,340.66,26.19,0.0
1897,1,0.0,5.0,19.58,0.0
1898,48,12.81,9.69,14.95,0.0
1899,69,9.93,202.54,163.43,10.0
1900,56,10.64,48.16,152.52,0.0
1901,852,0.76,70.76,13.45,0.0
1902,21,30.0,42.43,78.38,0.0
1903,40,15.18,781.32,28.81,0.0
1904,28,21.86,144.89,10.87,0.0
1905,81,8.48,254.59,21.89,0.0
1906,163,3.72,2099.52,52.95,0.0
1907,388,1.55,1136.1,23.04,3.0
1908,38,13.76,7.47,18.8,0.0
1909,22,27.27,13.09,24.86,0.0
1910,26,22.77,8.65,28.53,0.0
1911,124,4.79,1886.31,12.91,0.0
1912,96,6.41,15.38,23.5,0.0
1913,49,14.39,77.04,18.28,0.0
1914,157,4.31,8.96,25.96,0.0
1915,28,22.11,2020.32,17.35,0.0
1916,150,4.61,61.89,19.24,0.0
1917,291,2.42,11.71,23.33,7.0
1918,69,8.94,1375.87,43.66,0.0
1919,100,6.61,2096.41,41.55,0.0
1920,93,6.53,7.09,20.73,0.0
1921,104,5.21,490.26,14.04,3.0
1922,113,5.73,472.62,27.41,0.0
1923,167,3.92,3326.22,29.16,7.0
1924,221,2.71,236.66,28.17,0.0
1925,118,5.12,957.54,25.59,0.0
1926,73,8.19,849.7,29.39,0.0
1927,98,6.2,25.49,52.01,0.0
1928,114,5.94,718.73,20.42,1.0
1929,62,11.31,34.47,70.9,0.0
1930,182,3.28,6.42,14.7,0.0
1931,101,6.17,10.5,21.89,0.0
1932,74,9.16,3221.92,36.2,0.0
1933,85,7.89,1230.62,25.65,0.0
1934,15,34.8,960.33,36.19,0.0
1935,177,3.37,6641.71,69.89,9.0
1936,463,1.46,487.73,10.86,1.0
1937,158,4.21,250.72,42.67,17.0
1938,28,22.86,11.29,36.89,0.0
1939,75,9.16,3070.19,50.46,0.0
1940,75,8.83,19.21,31.9,0.0
1941,135,4.59,54.07,5.5,0.0
1942,151,4.01,231.93,20.76,0.0
1943,212,3.27,537.24,24.13,0.0
1944,180,3.42,3783.67,60.79,10.0
1945,19,33.58,25.53,53.71,0.0
1946,49,13.78,420.04,67.6,0.0
1947,90,6.62,622.99,80.1,5.0
1948,83,7.51,11.83,19.31,0.0
1949,54,11.57,14.28,30.72,0.0
1950,31,20.03,13.19,24.09,0.0
1951,18,36.11,9.83,31.19,0.0
1952,36,17.33,2766.22,27.89,0.0
1953,113,5.6,9.83,24.1,0.0
1954,143,4.59,80.91,13.75,0.0
1955,156,4.42,1592.37,48.94,0.0
1956,60,11.05,12.33,36.24,0.0
1957,44,14.8,17.68,45.32,6.0
1958,35,18.54,16.83,29.08,0.0
1959,104,5.79,4395.79,53.77,1.0
1960,93,6.77,2852.19,28.36,0.0
1961,92,7.17,8.11,17.76,0.0
1962,132,4.81,1242.75,26.61,0.0
1963,50,12.66,112.7,50.85,4.0
1964,68,8.72,16.76,29.27,0.0
1965,163,3.67,3494.5,25.42,4.0
1966,129,4.6,85.03,41.15,0.0
1967,73,9.42,483.49,24.7,0.0
1968,89,7.24,69.52,27.86,0.0
1969,230,2.75,6.05,9.77,0.0
1970,69,9.29,132.07,15.81,0.0
1971,155,4.33,2722.46,34.18,0.0
1972,120,4.9,142.82,20.3,0.0
1973,130,4.08,3.22,12.95,0.0
1974,198,2.45,1198.73,26.6,0.0
1975,363,1.83,1503.16,48.34,6.0
1976,165,3.86,10.1,21.5,0.0
1977,30,17.63,339.3,11.93,0.0
1978,89,7.63,725.82,16.4,0.0
1979,101,6.6,258.63,11.35,0.0
1980,54,11.41,2043.96,82.28,0.0
1981,100,6.32,7.75,14.51,0.0
1982,160,3.78,2209.76,26.34,0.0
1983,38,16.42,598.82,65.73,0.0
1984,3,10.67,7.33,12.98,0.0
1985,156,4.29,21.1,55.16,3.0
1986,12,47.17,10.83,19.17,0.0
1987,76,7.91,15.37,25.97,0.0
1988,184,3.43,2187.2,42.98,0.0
1989,153,4.12,769.13,19.95,8.0
1990,131,4.72,3625.37,35.06,10.0
1991,45,13.96,303.51,7.11,0.0
1992,30,19.5,6.8,17.62,0.0
1993,82,7.28,764.06,16.58,0.0
1994,43,15.44,11.49,24.86,0.0
1995,154,3.85,2777.93,99.56,7.0
1996,119,5.61,7.0,22.3,0.0
1997,67,9.55,1761.22,64.11,0.0
1998,331,1.94,5.89,7.2,0.0
1999,52,11.46,7.65,15.06,0.0
2000,61,10.84,4.25,9.05,0.0
2001,35,18.83,1642.09,34.69,0.0
2002,63,10.63,1028.16,39.13,0.0
2003,42,16.0,22.62,47.06,0.0
2004,248,2.59,17.04,40.54,16.0
2005,52,12.33,620.71,27.68,0.0
2006,111,6.22,613.46,43.9,1.0
2007,191,3.39,3407.44,46.53,23.0
2008,68,10.18,14.0,34.3,0.0
2009,33,9.48,954.67,45.66,0.0
2010,58,10.4,138.03,27.69,0.0
2011,104,6.28,6.88,13.15,2.0
2012,303,2.1,1611.13,28.17,0.0
2013,94,6.01,6.62,12.58,0.0
2014,44,13.5,18.25,33.86,0.0
2015,122,5.19,19.57,54.33,0.0
2016,126,5.22,9.66,13.72,0.0
2017,170,3.77,3565.58,41.8,0.0
2018,148,4.76,12.05,27.28,0.0
2019,337,1.8,327.63,39.05,9.0
2020,252,2.56,14.71,33.56,0.0
2021,77,8.53,8.38,18.09,0.0
2022,86,7.07,836.55,91.58,0.0
2023,109,5.66,24.5,16.57,0.0
2024,99,6.6,2284.83,50.07,1.0
2025,33,18.94,4591.82,33.93,0.0
2026,18,31.72,40.11,65.65,0.0
2027,133,5.0,7.74,14.4,0.0
2028,91,7.44,56.2,21.81,0.0
2029,46,12.28,13.24,36.72,0.0
2030,90,6.67,210.49,29.2,0.0
2031,15,38.07,13.07,20.42,0.0
2032,66,9.64,831.88,19.31,0.0
2033,109,5.86,1427.72,23.05,0.0
2034,140,4.58,1490.86,22.27,0.0
2035,68,8.79,9.68,15.94,0.0
2036,49,12.1,364.39,82.95,0.0
2037,97,6.2,9.22,17.98,0.0
2038,59,11.46,1081.61,25.25,0.0
2039,74,9.45,797.3,30.55,0.0
2040,422,1.5,331.16,7.03,0.0
2041,152,3.91,1130.51,42.15,1.0
2042,29,21.76,1138.17,165.83,5.0
2043,65,9.35,158.38,25.24,0.0
2044,49,13.18,8.43,20.43,0.0
2045,19,25.42,731.21,16.35,0.0
2046,48,13.12,340.98,13.31,0.0
2047,119,4.97,3346.96,40.47,0.0
2048,47,14.23,1395.21,32.73,0.0
2049,36,18.42,10.83,27.73,0.0
2050,160,4.32,2473.56,32.46,0.0
2051,288,1.55,869.39,17.09,0.0
2052,6,98.33,11.33,21.97,0.0
2053,165,3.62,270.1,20.31,0.0
2054,26,25.62,4.23,8.37,0.0
2055,133,4.52,240.68,18.11,0.0
2056,108,5.73,8.6,22.69,0.0
2057,125,4.87,2460.65,25.2,1.0
2058,167,4.21,830.96,35.75,0.0
2059,54,11.44,468.2,43.69,0.0
2060,32,18.53,985.62,19.68,0.0
2061,18,30.61,5.39,12.6,0.0
2062,220,3.03,248.12,24.35,7.0
2063,81,8.15,16.54,31.99,0.0
2064,271,2.58,82.59,20.02,2.0
2065,89,7.26,15.26,36.72,0.0
2066,112,5.76,169.92,19.12,1.0
2067,6,100.83,12.67,20.0,0.0
2068,108,5.71,305.75,23.72,0.0
2069,89,7.36,37.99,23.24,0.0
2070,635,0.97,193.44,14.5,0.0
2071,215,2.77,3.54,8.06,0.0
2072,12,48.67,14.83,23.19,0.0
2073,72,7.18,1596.81,23.57,0.0
2074,29,18.66,135.9,23.4,0.0
2075,155,4.4,1091.73,30.56,0.0
2076,252,2.61,2706.95,32.93,0.0
2077,109,5.62,756.66,16.84,0.0
2078,92,7.37,1556.89,25.26,0.0
2079,120,5.26,81.53,40.02,0.0
2080,130,4.95,598.77,43.88,3.0
2081,35,16.74,14.06,26.34,0.0
2082,191,3.21,2389.05,26.61,3.0
2083,383,1.66,960.96,21.69,1.0
2084,132,4.58,1143.54,22.26,2.0
2085,359,1.83,1149.72,35.92,8.0
2086,575,1.1,34.75,10.9,0.0
2087,227,2.98,2171.18,34.51,6.0
2088,109,6.33,30.08,45.01,2.0
2089,34,20.26,2.0,4.7,0.0
2090,56,11.73,640.04,21.45,0.0
2091,15,40.47,22.87,55.64,0.0
2092,122,3.74,1331.16,18.77,0.0
2093,19,29.47,3297.47,25.84,0.0
2094,75,8.68,22.17,40.74,3.0
2095,164,4.32,489.49,23.11,0.0
2096,26,19.08,23.77,50.06,0.0
2097,202,3.06,3426.91,43.68,0.0
2098,13,46.0,21.46,52.5,0.0
2099,53,12.66,991.02,13.04,0.0
2100,71,8.44,328.11,44.86,15.0
2101,10,63.0,17.0,42.0,0.0
2102,106,6.62,11.66,34.15,0.0
2103,30,21.53,5.4,12.03,0.0
2104,29,21.34,537.07,17.05,0.0
2105,35,19.97,121.03,25.71,0.0
2106,52,8.69,2594.77,53.98,0.0
2107,87,7.18,17.97,39.18,0.0
2108,131,4.63,33.01,13.98,0.0
2109,120,5.29,10.26,20.9,0.0
2110,222,3.16,1282.43,56.17,0.0
2111,123,5.43,992.68,21.06,1.0
2112,132,5.21,621.47,38.76,4.0
2113,60,10.48,227.6,26.65,0.0
2114,156,4.23,184.5,20.32,0.0
2115,320,1.99,6177.22,46.17,2.0
2116,224,3.13,2213.28,54.59,0.0
2117,63,9.46,10.76,16.67,1.0
2118,29,20.45,835.31,38.2,0.0
2119,44,13.57,3575.09,52.16,0.0
2120,72,8.88,505.71,22.82,0.0
2121,143,4.18,3582.2,39.04,0.0
2122,12,54.5,2396.58,36.82,0.0
2123,59,10.03,31.07,73.43,10.0
2124,240,2.9,4676.35,32.75,20.0
2125,113,5.83,4167.44,42.77,0.0
2126,127,4.76,544.45,37.12,0.0
2127,26,24.81,2521.88,56.22,0.0
2128,82,7.45,1190.05,22.9,0.0
2129,163,3.67,2316.0,43.96,0.0
2130,97,6.2,357.69,62.48,15.0
2131,140,4.05,12.36,28.45,0.0
2132,42,15.24,6.74,13.71,0.0
2133,141,4.46,2139.49,47.94,0.0
2134,89,7.65,155.92,102.58,1.0
2135,45,13.02,109.62,17.32,0.0
2136,18,37.11,32.28,86.25,0.0
2137,186,3.3,1252.38,15.97,0.0
2138,66,8.8,14.5,28.46,0.0
2139,372,1.75,262.91,12.62,0.0
2140,51,11.29,494.1,30.74,0.0
2141,90,7.83,25.01,58.3,0.0
2142,106,6.08,312.01,71.99,0.0
2143,9,66.22,16.44,33.18,0.0
2144,49,11.57,965.63,46.24,0.0
2145,38,15.55,795.61,28.7,0.0
2146,58,11.76,10.62,29.18,0.0
2147,96,6.17,1223.52,59.44,9.0
2148,124,5.3,96.46,26.32,2.0
2149,112,5.23,3261.44,33.07,0.0
2150,8,61.12,7.0,8.67,0.0
2151,41,15.98,11.29,20.35,0.0
2152,25,23.8,507.08,6.26,0.0
2153,41,15.07,235.12,22.77,0.0
2154,120,5.05,532.52,21.03,0.0
2155,11,53.55,15.27,28.53,0.0
2156,108,5.82,3297.24,54.39,1.0
2157,12,46.58,22.67,32.56,0.0
2158,131,4.69,3075.08,24.38,6.0
2159,121,4.93,373.81,16.69,0.0
2160,57,11.18,3.98,13.12,0.0
2161,40,16.62,4163.02,51.6,0.0
2162,180,3.4,3937.71,77.35,1.0
2163,14,44.5,3.07,25.44,0.0
2164,40,7.2,25.85,39.91,0.0
2165,11,56.64,4.27,16.55,0.0
2166,30,13.3,1.8,2.81,0.0
2167,75,7.64,12.88,22.86,0.0
2168,197,3.5,15.86,28.76,5.0
2169,40,14.72,823.12,21.45,0.0
2170,266,2.43,730.46,23.3,0.0
2171,107,5.64,285.43,37.67,1.0
2172,99,5.95,8.61,24.32,0.0
2173,86,7.67,129.56,25.32,0.0
2174,39,14.95,11.64,16.52,0.0
2175,17,32.94,11.41,35.9,0.0
2176,195,2.97,1102.36,13.34,0.0
2177,3,184.33,17.67,44.5,0.0
2178,152,3.49,732.91,24.22,0.0
2179,46,14.11,452.63,31.57,0.0
2180,44,13.64,10.57,21.28,0.0
2181,55,11.45,18.89,55.9,0.0
2182,85,7.92,8.59,18.01,0.0
2183,173,3.51,2418.62,23.66,0.0
2184,260,2.48,1137.07,19.6,0.0
2185,106,6.63,2114.25,80.67,3.0
2186,113,5.93,17.57,48.4,0.0
2187,46,13.61,23.48,57.98,0.0
2188,129,4.6,713.26,30.37,0.0
2189,91,7.0,1278.1,14.68,0.0
2190,225,2.82,4454.0,42.31,0.0
2191,15,44.67,12.0,52.06,0.0
2192,29,24.28,4.62,16.97,0.0
2193,117,5.91,1740.32,78.25,0.0
2194,404,1.71,947.4,17.75,0.0
2195,84,7.14,388.39,14.06,0.0
2196,65,9.34,159.65,17.74,0.0
2197,48,13.17,5.71,13.97,0.0
2198,403,1.64,804.64,17.88,0.0
2199,155,3.86,2681.37,36.38,13.0
2200,197,3.55,2531.61,44.03,20.0
2201,2,12.0,6.0,13.76,0.0
2202,18,33.28,512.44,17.77,0.0
2203,103,6.5,1050.38,50.86,0.0
2204,190,3.17,326.69,13.93,0.0
2205,107,6.54,299.18,18.49,0.0
2206,41,16.12,6.32,12.25,0.0
2207,372,1.82,41.47,13.08,0.0
2208,193,3.51,331.39,49.0,0.0
2209,232,2.72,2777.91,30.16,0.0
2210,34,15.94,22.79,50.82,0.0
2211,78,7.79,1933.09,29.39,0.0
2212,46,12.28,4.26,5.46,0.0
2213,55,12.2,164.75,63.73,2.0
2214,15,40.0,12.13,30.06,0.0
2215,132,4.94,7.93,18.2,0.0
2216,34,17.74,7.24,13.37,0.0
2217,192,3.27,976.08,23.07,2.0
2218,19,37.11,29.68,51.33,0.0
2219,23,27.04,16280.61,46.84,0.0
2220,15,40.33,1331.47,14.37,0.0
2221,113,5.33,11.21,20.37,0.0
2222,40,16.92,1152.55,76.91,1.0
2223,300,2.24,3.5,6.87,0.0
2224,106,6.6,15.84,37.59,0.0
2225,98,6.77,550.58,34.2,0.0
2226,640,0.94,874.62,13.93,0.0
2227,173,3.2,42.35,28.29,0.0
2228,202,3.23,1173.22,26.23,0.0
2229,56,10.96,19.02,43.13,0.0
2230,38,14.42,13.21,31.46,0.0
2231,94,7.38,545.5,46.81,4.0
2232,37,17.78,914.16,30.59,0.0
2233,273,2.36,2062.37,30.92,11.0
2234,192,3.39,1903.4,41.52,3.0
2235,89,6.72,1891.98,42.98,0.0
2236,219,2.63,932.26,13.15,0.0
2237,158,4.07,1425.98,31.28,9.0
2238,180,3.32,7.74,13.77,0.0
2239,43,14.07,443.65,41.57,0.0
2240,216,3.17,46.12,25.06,10.0
2241,79,8.32,144.34,19.06,0.0
2242,118,5.42,44.65,10.5,0.0
2243,44,13.95,35.84,91.36,0.0
2244,324,2.07,97.27,16.9,1.0
2245,178,3.53,1172.89,25.92,0.0
2246,5,77.6,20.6,64.27,0.0
2247,90,7.79,16.29,44.36,0.0
2248,26,25.23,15.27,36.05,0.0
2249,3,74.67,27.0,60.5,0.0
2250,68,8.96,1641.06,34.31,0.0
2251,26,24.19,36.96,77.79,0.0
2252,346,2.02,1858.05,27.43,0.0
2253,29,21.55,1246.38,15.53,0.0
2254,80,6.39,755.14,15.88,0.0
2255,21,27.67,736.76,27.14,0.0
2256,30,20.0,2005.23,49.92,0.0
2257,75,9.25,3.07,10.55,0.0
2258,49,13.96,12.2,32.14,0.0
2259,16,38.44,1099.31,36.82,0.0
2260,133,4.91,5617.64,56.06,4.0
2261,429,1.41,2313.89,31.19,0.0
2262,151,4.44,179.6,9.87,0.0
2263,460,1.53,27.37,12.53,0.0
2264,315,1.89,86.85,53.84,1.0
2265,3,5.67,2390.0,25.81,0.0
2266,148,4.25,2339.68,59.15,0.0
2267,67,9.31,663.37,34.39,0.0
2268,23,23.87,673.52,29.09,0.0
2269,209,2.88,59.73,15.66,0.0
2270,312,2.03,46.15,15.16,1.0
2271,46,12.22,5.76,7.87,0.0
2272,70,9.19,10.6,32.06,0.0
2273,52,11.71,13.65,30.67,0.0
2274,71,9.52,2061.51,98.23,0.0
2275,134,4.73,10.15,20.82,3.0
2276,31,18.65,17.68,32.52,0.0
2277,126,5.1,17.86,30.86,0.0
2278,46,12.37,342.41,25.23,0.0
2279,59,10.37,7.85,16.48,0.0
2280,228,2.88,1015.21,54.09,13.0
2281,105,5.95,18.2,47.7,0.0
2282,79,7.54,7.62,13.97,1.0
2283,17,37.59,3475.88,81.73,0.0
2284,265,2.28,698.17,64.73,2.0
2285,73,8.44,1780.12,28.19,0.0
2286,26,23.08,940.12,38.05,0.0
2287,33,18.12,440.73,25.26,0.0
2288,157,4.03,82.26,13.33,0.0
2289,88,6.8,12.32,27.59,0.0
2290,70,8.76,155.54,13.1,0.0
2291,55,10.8,3.45,7.98,0.0
2292,116,5.6,1296.98,11.52,0.0
2293,45,14.24,1295.87,54.73,0.0
2294,186,3.41,1598.82,45.06,0.0
2295,98,6.57,1569.72,81.67,0.0
2296,230,2.61,99.99,58.28,0.0
2297,45,15.2,6.53,15.52,0.0
2298,83,7.7,14.67,32.64,0.0
2299,62,9.52,19.42,33.19,0.0
2300,118,5.23,123.25,39.11,0.0
2301,137,4.96,796.94,34.03,0.0
2302,74,8.01,234.5,26.49,0.0
2303,66,9.58,174.18,32.71,0.0
2304,88,5.59,54.1,2.73,0.0
2305,123,5.71,378.67,51.39,15.0
2306,8,39.75,5.62,7.76,0.0
2307,179,3.9,1776.5,33.57,0.0
2308,31,21.48,6.32,18.79,0.0
2309,12,49.75,9.17,22.92,0.0
2310,74,9.07,10.3,18.77,0.0
2311,58,10.66,2456.9,31.57,0.0
2312,321,1.92,19.26,45.74,0.0
2313,11,54.91,2157.36,9.61,0.0
2314,86,6.91,185.8,59.05,3.0
2315,9,65.78,8.0,29.57,0.0
2316,27,19.96,280.41,27.85,0.0
2317,150,4.65,1889.69,93.12,10.0
2318,366,1.58,537.39,29.2,0.0
2319,117,5.97,5.23,9.82,0.0
2320,25,25.04,6.48,14.78,0.0
2321,18,36.72,7.61,18.67,0.0
2322,323,2.0,3073.43,73.21,3.0
2323,29,19.9,5509.48,26.94,0.0
2324,146,4.79,98.27,18.3,5.0
2325,3,8.67,10.0,35.45,0.0
2326,47,12.72,195.3,28.15,0.0
2327,43,15.88,1048.74,29.48,0.0
2328,166,4.23,905.75,85.5,0.0
2329,100,5.18,484.99,27.22,0.0
2330,73,8.86,7512.11,77.85,3.0
2331,103,6.6,4294.54,57.32,3.0
2332,16,38.69,1310.75,22.11,0.0
2333,24,27.33,8.62,11.27,0.0
2334,361,1.94,12.79,33.12,2.0
2335,53,12.23,16.66,36.89,0.0
2336,76,9.16,19.3,31.37,0.0
2337,1210,0.49,6.07,9.67,0.0
2338,69,8.59,992.74,30.6,0.0
2339,10,61.0,16.5,26.24,0.0
2340,149,4.58,1428.54,20.11,0.0
2341,306,2.13,149.82,18.62,2.0
2342,196,3.13,5137.39,30.28,2.0
2343,240,2.47,1417.02,19.28,0.0
2344,57,10.68,720.25,47.21,0.0
2345,109,6.2,276.82,39.25,0.0
2346,30,22.63,17.03,40.68,0.0
2347,93,6.73,1997.67,34.76,1.0
2348,56,10.02,2.79,4.98,0.0
2349,72,8.61,1426.11,29.17,0.0
2350,46,13.2,847.74,41.64,0.0
2351,322,1.89,3344.82,51.6,12.0
2352,43,15.7,11.6,29.21,0.0
2353,14,47.07,13.5,29.48,0.0
2354,80,7.61,4293.45,60.27,0.0
2355,16,38.19,2.69,6.96,0.0
2356,98,6.16,12.76,22.04,0.0
2357,29,22.45,251.48,8.08,0.0
2358,79,8.24,9.28,30.67,0.0
2359,174,3.34,986.3,16.13,0.0
2360,343,1.91,2835.92,27.39,0.0
2361,90,6.46,18.31,50.32,0.0
2362,41,16.07,5.56,12.69,0.0
2363,43,14.05,7.49,19.62,0.0
2364,117,5.28,27.43,63.37,2.0
2365,7,16.57,18.86,44.81,0.0
2366,168,3.58,2717.88,32.74,9.0
2367,142,4.72,119.99,31.66,0.0
2368,27,22.0,23.52,51.03,0.0
2369,76,7.89,3188.22,35.66,0.0
2370,172,3.58,1902.95,30.86,8.0
2371,98,7.17,8.87,21.82,0.0
2372,71,8.35,335.32,45.19,0.0
2373,124,4.69,646.81,20.85,0.0
2374,82,8.18,406.98,76.21,7.0
2375,114,6.18,9.96,24.92,9.0
2376,183,3.48,1057.4,21.45,0.0
2377,82,8.33,829.67,13.51,0.0
2378,154,4.31,239.55,53.97,3.0
2379,56,11.02,839.79,23.63,0.0
2380,177,3.55,3486.62,28.35,19.0
2381,92,6.57,671.4,23.75,0.0
2382,36,15.75,402.0,22.85,0.0
2383,18,33.72,10.39,30.87,0.0
2384,19,35.47,20.68,42.18,0.0
2385,306,2.02,1124.79,20.12,0.0
2386,51,11.55,495.43,20.72,0.0
2387,33,19.91,13.55,26.23,0.0
2388,63,9.44,11.75,27.03,0.0
2389,62,10.61,72.56,23.96,0.0
2390,47,12.74,329.09,22.27,0.0
2391,54,10.76,831.3,11.74,0.0
2392,39,17.9,582.51,36.64,0.0
2393,61,10.26,26.67,66.37,0.0
2394,84,7.31,4482.21,18.31,0.0
2395,227,2.77,12.72,23.18,0.0
2396,17,35.18,15.76,32.38,0.0
2397,35,20.0,11.34,31.29,0.0
2398,76,7.18,11.59,26.78,1.0
2399,10,66.6,7.6,18.85,0.0
2400,391,1.55,2358.65,37.55,23.0
2401,67,9.93,239.09,10.86,0.0
2402,36,18.31,13.31,30.25,0.0
2403,10,49.0,5.7,11.87,0.0
2404,18,33.39,1675.83,31.1,0.0
2405,151,4.4,1555.88,22.69,0.0
2406,138,4.92,1128.82,35.22,2.0
2407,179,3.48,2739.88,37.24,9.0
2408,26,22.35,29.35,81.08,0.0
2409,8,83.75,62.38,113.32,0.0
2410,63,10.46,422.65,41.85,0.0
2411,76,8.71,9.58,26.57,0.0
2412,279,2.18,23.09,45.75,0.0
2413,17,35.71,8.35,17.73,0.0
2414,6,97.33,18.33,29.78,0.0
2415,126,4.94,6.11,13.3,0.0
2416,110,6.05,982.92,40.21,0.0
2417,9,77.0,9.33,21.79,0.0
2418,113,5.49,7.99,13.92,0.0
2419,65,9.38,384.62,18.45,0.0
2420,102,6.18,575.77,44.94,1.0
2421,81,8.16,47.73,108.02,7.0
2422,5,83.0,2627.2,73.61,0.0
2423,59,10.78,789.85,48.11,0.0
2424,113,5.81,15.57,36.49,0.0
2425,119,5.1,3554.25,36.65,0.0
2426,115,5.17,1665.2,21.19,0.0
2427,346,2.04,1907.73,25.22,8.0
2428,19,33.42,5191.58,17.01,0.0
2429,66,10.41,15.36,27.38,0.0
2430,60,9.9,851.25,31.43,2.0
2431,43,14.58,11.6,22.76,0.0
2432,238,2.5,507.45,20.79,0.0
2433,30,16.67,10.47,20.32,0.0
2434,23,25.61,18.83,33.54,0.0
2435,46,14.87,1200.78,71.82,0.0
2436,15,32.13,1360.4,64.85,0.0
2437,74,8.72,24.54,65.43,0.0
2438,184,3.28,1187.34,16.64,0.0
2439,72,9.08,5.74,8.29,0.0
2440,139,4.48,409.79,18.44,0.0
2441,99,6.74,7.45,12.36,4.0
2442,36,17.03,7.22,17.34,0.0
2443,153,2.69,2304.56,26.33,3.0
2444,6,113.17,3.67,11.66,0.0
2445,217,3.13,926.13,30.17,0.0
2446,190,3.34,4275.87,33.98,0.0
2447,132,4.71,17.33,56.98,0.0
2448,205,3.4,82.01,45.37,10.0
2449,290,2.34,76.54,37.47,0.0
2450,84,7.17,3306.02,36.44,0.0
2451,192,3.55,430.82,43.42,23.0
2452,146,4.6,39.72,20.96,0.0
2453,110,5.48,14.97,41.38,0.0
2454,30,20.63,7.07,13.1,0.0
2455,109,5.77,359.84,48.98,2.0
2456,76,8.21,9.26,16.73,0.0
2457,77,7.97,191.84,20.01,1.0
2458,56,12.36,7.96,19.97,0.0
2459,971,0.69,503.39,21.29,0.0
2460,32,19.53,7.91,30.19,0.0
2461,22,30.45,23.64,47.78,0.0
2462,189,3.47,361.6,61.34,9.0
2463,12,33.17,1258.0,13.2,0.0
2464,51,11.39,340.0,21.99,0.0
2465,165,3.96,643.01,12.66,0.0
2466,99,6.03,11.22,26.08,0.0
2467,396,1.57,121.74,32.45,5.0
2468,90,6.52,15.11,27.85,0.0
2469,37,18.11,7.27,17.86,0.0
2470,91,6.71,715.2,11.45,0.0
2471,52,13.48,108.35,18.22,0.0
2472,42,14.43,12.38,29.07,0.0
2473,9,66.56,15.11,36.74,0.0
2474,49,11.67,6.96,10.44,0.0
2475,124,4.81,139.73,40.96,2.0
2476,14,26.29,5516.36,28.8,0.0
2477,40,16.77,2146.82,46.78,0.0
2478,146,4.77,12.68,22.98,4.0
2479,136,4.38,2692.17,105.0,0.0
2480,29,21.48,534.76,59.17,0.0
2481,148,4.01,3298.83,36.51,3.0
2482,71,9.46,21.49,38.43,0.0
2483,83,8.52,10.72,21.34,0.0
2484,157,3.98,2199.83,49.84,0.0
2485,82,7.84,431.32,18.32,0.0
2486,83,8.08,622.07,39.34,0.0
2487,26,24.5,707.12,23.13,0.0
2488,119,5.39,2305.15,53.17,11.0
2489,139,4.55,1560.02,67.65,28.0
2490,33,17.88,12.24,21.19,0.0
2491,62,8.18,8.1,15.34,0.0
2492,133,5.2,415.07,21.5,0.0
2493,111,4.73,774.9,23.32,0.0
2494,35,16.8,1653.57,60.6,5.0
2495,20,28.7,4.5,10.45,0.0
2496,63,8.98,2068.32,68.88,11.0
2497,221,2.81,277.09,32.18,0.0
2498,172,3.52,182.2,15.13,0.0
2499,90,7.1,1593.88,37.71,0.0
2500,113,5.57,2189.07,48.55,3.0
