,household_key,income_middle,income_upper,age_mature_adult,age_senior,age_young_adult,relationship_married,relationship_single,home_owner,home_renter,homesize_couple,homesize_group
0,1,1,0,0,1,0,1,0,1,0,1,0
1,7,1,0,1,0,0,1,0,1,0,1,0
2,8,0,0,0,0,1,0,0,0,0,0,1
3,13,0,1,0,0,1,0,0,1,0,0,1
4,16,1,0,1,0,0,0,1,1,0,0,0
5,17,0,0,0,1,0,0,1,1,0,1,0
6,18,0,1,1,0,0,1,0,1,0,1,0
7,19,0,0,0,0,1,0,1,0,0,0,0
8,20,0,1,0,0,1,1,0,0,1,1,0
9,22,0,1,1,0,0,1,0,1,0,1,0
10,25,1,0,0,0,1,0,0,0,0,0,0
11,27,0,0,1,0,0,0,0,0,1,0,0
12,31,1,0,0,0,1,0,1,1,0,1,0
13,39,0,1,0,0,1,1,0,1,0,1,0
14,40,0,0,1,0,0,0,0,1,0,1,0
15,42,1,0,0,1,0,0,0,0,0,0,0
16,43,0,0,0,0,1,0,1,1,0,0,1
17,46,0,1,1,0,0,1,0,1,0,0,1
18,48,1,0,0,0,0,0,0,1,0,1,0
19,49,1,0,0,0,1,1,0,1,0,1,0
20,52,1,0,1,0,0,0,1,1,0,1,0
21,55,1,0,0,1,0,1,0,1,0,1,0
22,56,0,1,1,0,0,1,0,1,0,0,1
23,57,1,0,1,0,0,0,1,1,0,1,0
24,58,0,1,0,0,1,1,0,1,0,0,1
25,67,0,0,1,0,0,1,0,1,0,0,1
26,71,0,0,0,0,1,1,0,1,0,1,0
27,74,0,0,0,1,0,1,0,1,0,1,0
28,77,0,1,0,0,1,1,0,1,0,0,1
29,78,0,0,1,0,0,0,0,0,0,0,0
30,80,1,0,1,0,0,0,0,1,0,1,0
31,85,1,0,0,0,1,0,0,0,0,0,0
32,86,1,0,0,1,0,0,1,1,0,0,0
33,97,0,1,1,0,0,0,0,0,0,0,0
34,98,1,0,0,0,1,0,0,0,0,1,0
35,101,0,0,1,0,0,1,0,1,0,0,1
36,104,1,0,0,0,1,1,0,1,0,0,1
37,105,0,0,0,0,1,0,1,1,0,0,1
38,109,0,0,0,0,1,1,0,1,0,1,0
39,110,1,0,0,0,1,0,0,1,0,0,0
40,113,0,1,0,0,1,1,0,1,0,0,1
41,114,1,0,0,0,1,0,0,1,0,1,0
42,117,1,0,0,1,0,0,1,1,0,1,0
43,118,1,0,1,0,0,0,1,1,0,0,0
44,119,0,1,1,0,0,0,0,0,0,0,0
45,121,0,0,1,0,0,0,0,0,0,0,1
46,123,1,0,1,0,0,0,1,1,0,1,0
47,127,0,0,1,0,0,0,0,0,0,0,0
48,131,1,0,1,0,0,0,0,0,0,1,0
49,133,0,0,1,0,0,1,0,1,0,1,0
50,134,0,0,1,0,0,1,0,1,0,1,0
51,136,1,0,1,0,0,0,0,0,0,0,0
52,139,0,1,0,0,1,0,1,1,0,0,0
53,149,1,0,1,0,0,0,0,1,0,1,0
54,155,1,0,0,0,1,0,1,1,0,0,1
55,157,0,0,0,0,0,0,0,1,0,1,0
56,158,1,0,1,0,0,0,0,1,0,0,0
57,159,0,0,1,0,0,0,0,1,0,1,0
58,161,0,1,0,0,0,1,0,0,0,0,1
59,164,1,0,1,0,0,0,0,0,0,1,0
60,165,1,0,1,0,0,1,0,1,0,1,0
61,166,1,0,0,0,1,1,0,1,0,0,1
62,170,0,1,0,0,1,1,0,1,0,0,1
63,178,0,0,0,0,1,1,0,1,0,0,1
64,184,0,0,1,0,0,0,0,0,0,0,0
65,192,1,0,1,0,0,1,0,1,0,1,0
66,193,0,1,1,0,0,1,0,1,0,1,0
67,198,0,0,0,0,1,1,0,1,0,0,1
68,201,0,0,1,0,0,1,0,1,0,0,1
69,208,1,0,1,0,0,0,0,1,0,1,0
70,209,0,0,1,0,0,0,0,1,0,0,1
71,211,1,0,0,1,0,1,0,1,0,1,0
72,212,0,0,0,0,1,0,0,0,0,0,0
73,214,0,0,1,0,0,0,1,1,0,1,0
74,216,1,0,0,0,1,0,0,1,0,0,0
75,218,0,0,1,0,0,1,0,1,0,1,0
76,219,0,1,1,0,0,1,0,1,0,1,0
77,220,1,0,1,0,0,1,0,1,0,1,0
78,221,0,0,0,1,0,0,0,0,0,0,0
79,222,1,0,0,0,1,1,0,0,0,1,0
80,230,0,0,0,0,1,0,0,0,0,0,0
81,232,1,0,0,0,1,0,0,0,0,1,0
82,235,0,1,0,0,1,1,0,1,0,0,1
83,239,1,0,1,0,0,0,0,0,1,0,0
84,242,0,1,1,0,0,1,0,1,0,0,1
85,243,1,0,0,1,0,0,0,1,0,1,0
86,248,0,1,0,0,1,1,0,1,0,0,1
87,249,0,0,0,0,1,1,0,0,1,0,1
88,250,0,1,1,0,0,1,0,1,0,0,1
89,253,0,0,1,0,0,0,0,0,0,0,0
90,256,1,0,0,0,1,0,0,1,0,1,0
91,257,0,0,0,0,1,0,0,0,0,0,1
92,263,1,0,1,0,0,0,0,0,0,1,0
93,264,0,1,1,0,0,0,0,1,0,1,0
94,276,1,0,0,0,1,0,0,0,0,0,0
95,281,1,0,0,0,1,0,1,1,0,0,0
96,282,1,0,1,0,0,0,0,0,0,0,0
97,283,1,0,0,0,1,1,0,1,0,1,0
98,289,0,1,1,0,0,0,1,1,0,0,0
99,290,1,0,0,0,1,0,0,0,0,1,0
100,294,1,0,0,0,1,1,0,1,0,0,1
101,300,0,0,1,0,0,1,0,0,0,1,0
102,301,1,0,0,0,1,1,0,1,0,0,1
103,302,1,0,1,0,0,0,0,1,0,0,1
104,304,1,0,0,0,1,0,0,0,0,1,0
105,306,1,0,0,0,0,0,0,1,0,0,1
106,309,0,1,0,0,1,1,0,1,0,1,0
107,314,0,1,1,0,0,0,0,1,0,0,1
108,317,0,1,1,0,0,1,0,1,0,1,0
109,319,1,0,1,0,0,0,0,1,0,0,1
110,321,0,1,1,0,0,1,0,1,0,1,0
111,324,1,0,1,0,0,0,0,0,0,0,0
112,325,0,1,0,0,1,1,0,1,0,0,1
113,329,0,1,0,0,1,0,0,0,0,0,0
114,332,0,1,0,0,1,1,0,1,0,0,1
115,334,0,0,1,0,0,1,0,1,0,1,0
116,346,1,0,0,1,0,1,0,1,0,1,0
117,350,1,0,1,0,0,1,0,1,0,0,1
118,351,1,0,1,0,0,0,0,0,0,0,0
119,353,0,1,1,0,0,1,0,1,0,1,0
120,354,1,0,0,0,1,1,0,1,0,0,1
121,358,1,0,0,0,1,0,0,1,0,1,0
122,361,1,0,1,0,0,0,0,0,0,0,0
123,362,1,0,0,1,0,0,0,0,0,0,0
124,367,1,0,1,0,0,1,0,1,0,1,0
125,370,1,0,0,1,0,0,0,0,0,1,0
126,371,0,1,0,0,1,1,0,1,0,0,1
127,377,1,0,1,0,0,1,0,1,0,1,0
128,378,1,0,1,0,0,1,0,1,0,1,0
129,381,1,0,0,0,1,0,1,1,0,1,0
130,383,1,0,1,0,0,0,0,1,0,0,0
131,385,1,0,0,0,1,1,0,1,0,0,1
132,386,0,0,0,0,1,0,1,1,0,0,0
133,387,1,0,0,0,1,0,1,1,0,0,0
134,389,0,1,0,0,1,0,0,1,0,0,0
135,390,0,0,1,0,0,0,1,0,1,0,0
136,391,0,0,0,1,0,0,1,0,0,0,0
137,392,0,1,0,0,1,1,0,1,0,0,1
138,395,0,0,0,0,1,0,0,0,0,0,0
139,400,0,1,0,0,1,1,0,1,0,0,1
140,404,0,0,0,0,1,1,0,0,0,1,0
141,409,0,0,0,0,0,0,1,1,0,1,0
142,410,1,0,1,0,0,1,0,1,0,0,1
143,411,0,0,0,0,1,0,0,0,0,1,0
144,412,0,0,0,1,0,1,0,1,0,1,0
145,413,0,1,1,0,0,0,0,0,0,0,0
146,417,1,0,1,0,0,1,0,0,0,1,0
147,418,1,0,0,0,1,0,0,0,0,0,1
148,426,1,0,1,0,0,0,0,1,0,1,0
149,428,1,0,0,0,0,0,0,1,0,1,0
150,432,0,0,0,0,0,0,0,0,0,0,0
151,434,0,0,0,0,1,1,0,1,0,0,1
152,437,1,0,0,0,1,1,0,1,0,0,1
153,438,1,0,0,0,1,1,0,1,0,1,0
154,441,1,0,1,0,0,0,1,1,0,0,0
155,442,0,0,0,0,1,0,0,0,0,1,0
156,443,0,0,1,0,0,1,0,1,0,1,0
157,451,0,0,0,0,1,0,1,0,1,1,0
158,454,1,0,1,0,0,0,0,0,0,0,0
159,456,1,0,0,0,0,0,1,1,0,1,0
160,458,1,0,1,0,0,1,0,1,0,1,0
161,460,0,0,0,1,0,0,1,1,0,0,0
162,462,0,1,0,1,0,0,0,0,0,0,0
163,464,1,0,0,1,0,1,0,1,0,1,0
164,469,0,1,1,0,0,0,0,1,0,0,0
165,473,1,0,1,0,0,0,0,1,0,0,0
166,483,1,0,1,0,0,0,0,0,0,0,0
167,484,0,0,0,0,1,0,0,0,0,1,0
168,485,0,0,0,0,1,0,0,1,0,0,0
169,489,0,1,1,0,0,0,0,0,0,0,0
170,490,0,1,0,0,1,1,0,1,0,0,1
171,491,0,1,1,0,0,1,0,0,0,1,0
172,492,1,0,1,0,0,0,0,1,0,1,0
173,493,1,0,1,0,0,0,0,0,0,0,0
174,510,0,1,0,0,1,1,0,1,0,0,1
175,513,0,1,1,0,0,0,0,1,0,1,0
176,518,0,1,1,0,0,1,0,1,0,1,0
177,523,1,0,0,1,0,0,1,1,0,0,0
178,526,1,0,1,0,0,0,0,0,0,0,0
179,527,1,0,1,0,0,0,0,1,0,0,0
180,534,1,0,1,0,0,0,0,0,0,0,0
181,540,1,0,0,0,1,0,1,1,0,0,0
182,542,1,0,0,0,1,0,0,0,0,0,0
183,543,1,0,0,0,1,1,0,1,0,0,1
184,546,1,0,1,0,0,0,0,0,0,1,0
185,548,0,1,0,0,1,0,1,1,0,1,0
186,553,0,1,1,0,0,0,0,1,0,1,0
187,560,1,0,0,0,0,0,0,0,0,1,0
188,567,0,0,0,0,0,0,0,0,0,0,0
189,569,0,1,0,0,1,1,0,1,0,0,1
190,574,0,1,0,0,1,1,0,1,0,0,1
191,575,1,0,0,0,1,0,0,0,0,0,0
192,576,1,0,1,0,0,1,0,1,0,1,0
193,578,1,0,0,0,1,0,0,0,0,0,0
194,582,0,1,1,0,0,1,0,1,0,0,1
195,583,0,0,0,0,1,0,1,0,0,0,0
196,586,1,0,0,0,0,1,0,0,1,0,1
197,588,1,0,0,0,1,1,0,1,0,0,1
198,593,1,0,0,0,1,0,0,0,0,0,0
199,595,1,0,0,0,1,0,0,0,0,0,1
200,596,0,0,1,0,0,1,0,1,0,0,1
201,597,0,0,0,0,0,0,0,0,0,1,0
202,598,0,0,0,0,1,0,1,0,0,0,0
203,601,0,1,0,0,1,1,0,1,0,0,1
204,605,0,1,0,0,1,1,0,1,0,0,1
205,606,1,0,1,0,0,0,0,0,1,0,0
206,607,0,1,1,0,0,0,0,0,0,0,0
207,608,0,0,0,0,1,0,1,0,1,0,1
208,609,1,0,1,0,0,0,0,0,0,0,0
209,614,0,0,0,0,1,1,0,0,0,0,1
210,621,1,0,1,0,0,0,0,0,0,0,0
211,622,0,0,0,0,1,0,0,0,0,0,0
212,623,1,0,1,0,0,1,0,1,0,0,1
213,624,1,0,1,0,0,0,0,0,0,0,0
214,630,1,0,0,0,1,1,0,1,0,0,1
215,631,0,1,0,1,0,1,0,1,0,0,1
216,644,0,1,0,1,0,1,0,1,0,1,0
217,647,1,0,0,0,1,1,0,0,1,0,1
218,660,1,0,1,0,0,1,0,1,0,1,0
219,661,1,0,1,0,0,0,0,1,0,0,0
220,670,1,0,1,0,0,1,0,0,0,0,1
221,671,1,0,0,0,1,0,0,1,0,0,0
222,672,0,0,0,0,1,0,0,0,0,1,0
223,675,1,0,0,0,1,0,0,0,0,1,0
224,680,1,0,1,0,0,0,0,1,0,0,0
225,682,0,1,0,1,0,1,0,1,0,1,0
226,685,0,0,0,0,1,1,0,0,0,1,0
227,688,0,1,0,0,1,1,0,1,0,0,1
228,690,0,0,0,1,0,0,1,1,0,0,0
229,692,1,0,0,1,0,0,0,1,0,0,0
230,693,0,0,1,0,0,0,0,0,0,1,0
231,695,1,0,0,0,1,0,1,0,0,0,1
232,696,1,0,0,0,1,0,0,1,0,1,0
233,699,1,0,1,0,0,1,0,1,0,1,0
234,706,1,0,1,0,0,0,1,1,0,1,0
235,707,0,1,0,0,1,1,0,1,0,0,1
236,708,0,1,0,0,1,1,0,1,0,0,1
237,712,1,0,0,1,0,1,0,1,0,1,0
238,714,0,0,1,0,0,0,0,0,0,0,1
239,715,0,0,1,0,0,1,0,1,0,1,0
240,716,0,1,1,0,0,1,0,1,0,0,1
241,718,0,0,1,0,0,1,0,1,0,0,1
242,722,1,0,0,0,1,1,0,1,0,1,0
243,725,0,0,1,0,0,0,0,0,0,0,0
244,731,1,0,1,0,0,0,0,1,0,1,0
245,732,0,1,1,0,0,1,0,1,0,0,1
246,733,0,1,1,0,0,1,0,1,0,1,0
247,740,0,1,1,0,0,1,0,1,0,1,0
248,741,1,0,0,1,0,0,0,1,0,0,1
249,742,0,0,0,0,1,1,0,0,1,0,1
250,748,0,0,1,0,0,0,1,1,0,0,1
251,752,0,1,0,0,1,1,0,0,1,1,0
252,753,0,1,1,0,0,1,0,1,0,0,1
253,755,1,0,0,0,1,0,0,1,0,0,0
254,761,0,1,0,0,1,1,0,1,0,0,1
255,762,0,1,0,0,1,1,0,0,1,1,0
256,764,1,0,0,0,1,1,0,1,0,0,1
257,766,0,1,1,0,0,1,0,1,0,1,0
258,768,1,0,0,0,1,1,0,0,1,1,0
259,770,1,0,0,0,1,1,0,1,0,0,1
260,771,1,0,1,0,0,0,0,1,0,0,0
261,779,0,1,0,1,0,0,0,1,0,0,1
262,784,0,1,1,0,0,1,0,1,0,1,0
263,785,0,1,0,1,0,1,0,1,0,1,0
264,786,0,1,0,0,0,0,0,1,0,1,0
265,787,0,0,0,0,1,0,1,1,0,0,0
266,788,0,0,0,0,1,0,0,0,0,1,0
267,790,1,0,1,0,0,0,0,1,0,0,0
268,797,0,1,0,0,1,0,0,1,0,1,0
269,800,1,0,0,0,1,1,0,1,0,1,0
270,802,1,0,0,1,0,0,0,1,0,1,0
271,803,0,1,0,0,1,0,0,0,0,1,0
272,806,0,1,0,0,1,1,0,1,0,1,0
273,808,0,1,1,0,0,0,0,1,0,0,1
274,816,1,0,0,0,1,0,0,0,0,0,0
275,817,0,1,0,0,1,1,0,1,0,0,1
276,823,1,0,0,0,1,1,0,1,0,0,1
277,825,0,1,1,0,0,1,0,1,0,1,0
278,831,1,0,1,0,0,0,1,1,0,0,1
279,840,0,1,0,0,1,1,0,1,0,0,1
280,844,0,1,1,0,0,1,0,1,0,1,0
281,845,1,0,0,0,0,0,1,1,0,0,0
282,852,1,0,0,0,1,0,0,0,0,0,1
283,853,0,1,0,0,1,0,1,0,0,0,0
284,856,1,0,1,0,0,0,1,1,0,0,0
285,857,1,0,0,1,0,1,0,1,0,0,1
286,859,1,0,0,0,1,0,0,0,0,0,0
287,863,0,0,1,0,0,0,0,0,0,0,0
288,864,0,0,0,0,1,0,0,1,0,0,0
289,865,0,1,0,0,1,1,0,1,0,0,1
290,866,0,0,1,0,0,0,0,0,0,1,0
291,867,0,1,1,0,0,0,0,1,0,0,0
292,868,1,0,0,1,0,1,0,1,0,1,0
293,871,0,1,0,0,1,1,0,1,0,0,1
294,875,0,0,0,0,1,0,0,0,0,0,1
295,878,1,0,0,0,1,0,0,0,0,0,1
296,879,1,0,0,0,1,0,1,1,0,1,0
297,882,1,0,1,0,0,0,0,0,0,1,0
298,883,1,0,0,0,1,1,0,1,0,1,0
299,886,0,1,0,0,1,1,0,1,0,1,0
300,888,0,1,0,0,1,0,0,1,0,0,1
301,889,1,0,0,0,1,1,0,1,0,0,1
302,895,0,1,1,0,0,0,0,0,0,0,0
303,898,0,1,1,0,0,1,0,1,0,1,0
304,900,1,0,0,0,1,1,0,1,0,1,0
305,903,1,0,0,0,1,0,0,0,0,0,0
306,906,0,0,1,0,0,1,0,1,0,1,0
307,908,0,1,1,0,0,1,0,1,0,0,1
308,911,0,1,0,0,1,1,0,1,0,1,0
309,914,0,0,1,0,0,0,1,1,0,1,0
310,915,0,0,1,0,0,0,0,0,0,0,0
311,920,1,0,1,0,0,1,0,1,0,0,1
312,922,1,0,1,0,0,0,0,0,0,0,0
313,926,0,0,0,0,1,0,0,1,0,1,0
314,929,0,0,1,0,0,0,1,0,1,1,0
315,932,0,0,0,0,0,0,0,0,0,1,0
316,934,0,0,1,0,0,0,0,0,0,0,0
317,939,0,1,1,0,0,0,0,1,0,1,0
318,941,0,1,0,0,0,1,0,0,0,1,0
319,946,0,0,0,0,0,0,0,0,0,0,0
320,947,1,0,0,1,0,0,1,1,0,0,0
321,949,1,0,0,0,1,0,0,1,0,1,0
322,955,0,0,0,0,0,0,0,0,0,0,0
323,956,1,0,1,0,0,0,0,1,0,1,0
324,960,0,1,0,0,1,1,0,1,0,0,1
325,968,1,0,0,0,1,0,1,0,1,1,0
326,971,1,0,0,0,1,1,0,1,0,0,1
327,973,1,0,0,0,1,1,0,1,0,0,1
328,976,0,1,0,0,1,1,0,1,0,0,1
329,979,1,0,0,0,1,0,1,1,0,1,0
330,981,0,0,1,0,0,1,0,1,0,1,0
331,982,1,0,1,0,0,0,0,0,0,0,1
332,983,1,0,1,0,0,1,0,1,0,0,1
333,986,1,0,0,0,1,0,0,0,0,0,0
334,992,1,0,1,0,0,1,0,1,0,0,1
335,993,1,0,1,0,0,1,0,1,0,0,1
336,996,0,0,1,0,0,1,0,1,0,1,0
337,997,0,1,1,0,0,0,0,1,0,0,0
338,1001,1,0,1,0,0,0,0,1,0,0,0
339,1003,0,0,0,0,1,0,0,0,0,0,0
340,1004,0,0,0,0,1,0,0,0,0,0,0
341,1012,1,0,0,0,1,1,0,0,0,0,1
342,1014,0,0,1,0,0,1,0,0,0,0,1
343,1015,1,0,1,0,0,0,0,1,0,0,0
344,1018,1,0,1,0,0,1,0,1,0,0,1
345,1020,0,0,1,0,0,1,0,1,0,1,0
346,1021,1,0,0,0,1,1,0,1,0,0,1
347,1024,0,0,0,0,1,1,0,1,0,0,1
348,1031,0,1,0,0,1,1,0,1,0,1,0
349,1038,0,0,1,0,0,0,0,0,1,0,0
350,1040,0,1,0,0,1,0,1,0,0,0,0
351,1041,1,0,0,0,1,0,0,0,0,0,0
352,1042,0,1,0,0,1,0,0,1,0,1,0
353,1045,0,0,0,0,1,1,0,1,0,1,0
354,1053,0,1,1,0,0,1,0,1,0,1,0
355,1057,1,0,0,0,1,0,0,0,0,0,0
356,1060,1,0,0,0,1,0,1,0,1,1,0
357,1062,0,0,0,1,0,0,0,1,0,1,0
358,1066,0,0,0,0,1,0,0,0,0,1,0
359,1069,1,0,0,0,1,0,0,0,0,1,0
360,1070,1,0,0,0,1,0,0,1,0,1,0
361,1074,1,0,1,0,0,1,0,1,0,0,1
362,1076,1,0,0,0,1,0,1,1,0,1,0
363,1081,0,1,1,0,0,1,0,1,0,1,0
364,1082,1,0,1,0,0,0,0,0,0,0,0
365,1084,1,0,0,0,1,0,0,0,0,0,1
366,1091,0,1,1,0,0,1,0,1,0,1,0
367,1094,0,1,1,0,0,1,0,1,0,0,1
368,1103,1,0,0,0,1,1,0,1,0,0,1
369,1113,1,0,1,0,0,1,0,1,0,0,1
370,1120,0,0,0,0,1,0,1,0,1,0,1
371,1123,0,0,1,0,0,1,0,0,0,1,0
372,1128,0,1,0,0,1,0,0,0,0,0,1
373,1130,0,0,1,0,0,0,0,0,1,0,1
374,1131,1,0,1,0,0,0,1,1,0,0,1
375,1135,1,0,1,0,0,0,0,0,0,1,0
376,1137,1,0,0,1,0,0,1,1,0,0,0
377,1138,0,0,0,0,1,0,0,0,0,1,0
378,1142,1,0,1,0,0,1,0,1,0,1,0
379,1146,1,0,0,0,1,0,1,1,0,0,1
380,1147,0,0,0,0,0,0,0,0,0,1,0
381,1151,0,0,1,0,0,0,0,0,1,0,0
382,1154,1,0,1,0,0,1,0,1,0,1,0
383,1158,0,0,1,0,0,0,0,1,0,1,0
384,1159,0,0,1,0,0,1,0,1,0,1,0
385,1160,1,0,0,1,0,0,0,1,0,0,0
386,1163,0,0,0,0,1,0,0,0,0,0,0
387,1164,0,0,0,0,1,0,0,0,0,0,0
388,1166,0,1,1,0,0,1,0,1,0,0,1
389,1167,1,0,0,0,1,0,0,1,0,0,1
390,1169,0,0,0,0,0,1,0,1,0,1,0
391,1172,1,0,0,0,1,0,1,0,0,0,0
392,1174,0,0,0,0,1,0,0,0,0,0,1
393,1175,1,0,0,0,1,1,0,1,0,1,0
394,1178,0,0,1,0,0,0,0,0,0,0,0
395,1179,1,0,0,0,1,1,0,1,0,1,0
396,1186,1,0,1,0,0,1,0,1,0,0,1
397,1188,1,0,1,0,0,0,0,0,1,0,0
398,1190,1,0,0,0,1,0,0,1,0,1,0
399,1197,0,1,0,0,1,1,0,1,0,1,0
400,1218,1,0,1,0,0,1,0,1,0,0,1
401,1219,0,0,0,0,0,1,0,1,0,0,1
402,1222,0,0,1,0,0,0,0,1,0,0,0
403,1226,1,0,0,0,1,0,1,1,0,0,1
404,1228,0,1,1,0,0,0,0,0,0,0,0
405,1229,0,1,1,0,0,1,0,1,0,1,0
406,1234,1,0,1,0,0,0,1,1,0,1,0
407,1236,1,0,0,0,1,0,0,0,0,0,1
408,1240,0,0,1,0,0,0,0,1,0,1,0
409,1247,1,0,0,0,1,1,0,1,0,1,0
410,1248,1,0,1,0,0,0,0,0,0,1,0
411,1256,1,0,1,0,0,0,0,0,0,1,0
412,1257,1,0,1,0,0,0,0,1,0,0,1
413,1258,0,1,1,0,0,0,0,1,0,0,0
414,1260,1,0,0,1,0,0,0,1,0,0,0
415,1261,0,0,1,0,0,1,0,1,0,1,0
416,1263,0,0,0,0,1,0,1,0,0,0,0
417,1264,0,0,1,0,0,0,0,0,0,0,0
418,1267,0,1,0,0,1,0,0,0,0,0,0
419,1268,0,0,0,0,1,0,0,1,0,0,1
420,1270,0,0,1,0,0,0,0,0,0,0,0
421,1272,1,0,0,1,0,1,0,1,0,1,0
422,1285,0,0,0,0,1,0,1,0,1,0,1
423,1291,1,0,1,0,0,1,0,1,0,1,0
424,1296,0,0,0,1,0,1,0,1,0,1,0
425,1297,0,1,0,0,1,0,0,1,0,0,0
426,1299,0,0,0,0,1,0,0,0,1,0,1
427,1300,1,0,1,0,0,1,0,1,0,0,1
428,1305,0,0,0,0,0,0,1,0,1,1,0
429,1306,0,0,1,0,0,0,0,0,0,0,0
430,1316,1,0,1,0,0,0,0,0,0,1,0
431,1318,1,0,0,1,0,1,0,1,0,1,0
432,1321,1,0,0,0,0,0,0,0,0,1,0
433,1326,0,0,1,0,0,0,0,1,0,0,0
434,1333,0,1,1,0,0,0,0,1,0,0,1
435,1337,1,0,1,0,0,0,0,1,0,0,1
436,1352,0,1,0,0,1,0,0,1,0,1,0
437,1354,0,0,0,1,0,0,1,1,0,1,0
438,1357,0,0,1,0,0,1,0,1,0,1,0
439,1363,0,0,0,0,1,0,0,0,0,1,0
440,1364,0,1,0,1,0,0,1,1,0,0,0
441,1367,0,1,0,0,1,0,0,1,0,0,1
442,1369,0,0,0,0,1,0,1,0,1,0,0
443,1370,0,0,0,1,0,0,0,1,0,1,0
444,1376,1,0,1,0,0,0,0,1,0,0,0
445,1378,0,1,0,0,1,0,0,0,0,0,0
446,1382,1,0,1,0,0,0,0,1,0,1,0
447,1388,0,1,0,0,1,1,0,0,0,0,1
448,1389,0,1,0,1,0,1,0,1,0,1,0
449,1391,1,0,1,0,0,1,0,1,0,1,0
450,1393,0,1,0,0,1,0,1,1,0,0,0
451,1394,1,0,1,0,0,1,0,1,0,1,0
452,1396,0,1,0,1,0,1,0,1,0,1,0
453,1397,1,0,1,0,0,0,1,0,1,0,0
454,1402,0,0,1,0,0,0,0,0,0,0,0
455,1412,1,0,1,0,0,1,0,1,0,0,1
456,1418,1,0,0,0,1,1,0,1,0,0,1
457,1419,1,0,0,0,1,0,0,0,0,0,0
458,1421,1,0,0,0,1,1,0,1,0,1,0
459,1423,0,0,1,0,0,0,0,0,0,0,0
460,1425,1,0,0,0,0,0,1,0,0,0,1
461,1428,1,0,1,0,0,0,0,0,0,1,0
462,1429,1,0,1,0,0,0,1,0,1,0,0
463,1430,1,0,0,0,1,1,0,1,0,0,1
464,1437,0,0,0,0,1,1,0,1,0,0,1
465,1438,0,0,1,0,0,0,0,0,0,0,0
466,1443,0,1,0,0,1,0,0,0,0,1,0
467,1445,0,0,0,0,1,1,0,1,0,1,0
468,1451,0,1,1,0,0,1,0,1,0,0,1
469,1452,0,0,1,0,0,1,0,0,0,0,1
470,1453,0,1,1,0,0,1,0,1,0,0,1
471,1454,0,1,0,1,0,1,0,1,0,1,0
472,1461,0,0,0,0,1,0,0,1,0,1,0
473,1462,1,0,0,0,1,1,0,0,1,1,0
474,1467,1,0,0,0,1,1,0,1,0,0,1
475,1468,0,1,0,1,0,1,0,1,0,1,0
476,1470,1,0,1,0,0,0,0,0,0,0,0
477,1474,1,0,0,0,1,0,0,1,0,0,0
478,1475,1,0,0,0,1,0,1,1,0,0,0
479,1479,0,0,1,0,0,0,0,0,1,0,0
480,1481,1,0,0,0,0,0,0,0,0,0,0
481,1483,0,0,0,0,0,0,0,0,0,0,0
482,1484,1,0,0,0,0,1,0,1,0,1,0
483,1485,1,0,0,0,1,0,0,1,0,0,0
484,1488,1,0,0,0,1,1,0,1,0,1,0
485,1491,1,0,0,1,0,0,0,1,0,1,0
486,1492,0,0,0,1,0,1,0,1,0,1,0
487,1494,0,0,0,1,0,0,1,0,0,0,0
488,1499,0,0,1,0,0,1,0,1,0,1,0
489,1505,0,0,1,0,0,0,0,0,0,0,0
490,1509,1,0,1,0,0,1,0,1,0,1,0
491,1517,1,0,1,0,0,1,0,1,0,0,1
492,1524,1,0,1,0,0,1,0,1,0,1,0
493,1527,1,0,0,0,1,1,0,1,0,1,0
494,1528,0,1,0,0,1,0,1,0,0,0,0
495,1529,1,0,1,0,0,0,0,0,0,0,0
496,1534,0,1,0,0,1,1,0,0,1,0,1
497,1536,1,0,1,0,0,0,0,0,0,0,0
498,1537,1,0,0,0,0,1,0,0,1,0,1
499,1540,0,0,1,0,0,0,0,0,0,0,1
500,1541,1,0,0,0,1,0,0,0,0,0,0
501,1545,1,0,1,0,0,1,0,1,0,1,0
502,1549,0,0,1,0,0,0,0,1,0,0,0
503,1556,1,0,1,0,0,1,0,1,0,1,0
504,1557,0,1,0,0,1,1,0,0,1,0,1
505,1563,0,1,1,0,0,1,0,1,0,0,1
506,1566,0,1,0,0,1,0,0,1,0,1,0
507,1567,0,0,1,0,0,0,0,0,1,0,0
508,1568,1,0,1,0,0,0,1,1,0,0,0
509,1572,0,1,0,0,1,1,0,1,0,1,0
510,1578,0,0,1,0,0,0,0,0,0,1,0
511,1580,1,0,0,0,0,0,1,0,0,1,0
512,1585,0,1,1,0,0,0,1,1,0,0,0
513,1588,1,0,0,0,1,0,0,1,0,0,0
514,1591,0,0,0,0,1,0,0,0,0,0,0
515,1595,1,0,1,0,0,0,0,1,0,0,0
516,1604,1,0,0,0,1,0,0,1,0,1,0
517,1609,0,1,1,0,0,1,0,1,0,0,1
518,1618,0,1,0,0,1,1,0,1,0,1,0
519,1627,1,0,0,0,1,0,0,0,0,0,0
520,1631,0,0,0,0,0,0,1,0,1,0,1
521,1633,1,0,1,0,0,1,0,1,0,1,0
522,1634,1,0,0,0,1,1,0,1,0,0,1
523,1648,0,0,0,0,1,0,0,0,1,0,0
524,1649,0,1,0,0,1,0,1,1,0,0,0
525,1650,0,1,1,0,0,1,0,1,0,0,1
526,1653,0,0,0,0,1,0,1,1,0,0,0
527,1662,0,1,0,0,1,0,0,1,0,1,0
528,1676,0,1,0,0,1,0,0,0,0,1,0
529,1677,0,1,1,0,0,1,0,1,0,1,0
530,1678,0,1,1,0,0,0,0,0,0,0,0
531,1680,0,0,0,0,1,1,0,1,0,0,1
532,1686,0,0,1,0,0,0,0,1,0,1,0
533,1689,1,0,1,0,0,0,0,0,0,0,0
534,1692,1,0,0,0,1,0,0,0,0,0,0
535,1693,1,0,0,0,1,1,0,1,0,0,1
536,1694,0,0,0,0,1,0,0,0,1,0,0
537,1695,0,0,0,0,1,0,0,1,0,0,0
538,1696,1,0,1,0,0,1,0,1,0,0,1
539,1707,0,0,0,0,1,0,1,0,0,0,0
540,1708,0,0,1,0,0,0,0,0,0,0,0
541,1709,1,0,0,0,1,1,0,0,0,0,1
542,1710,0,1,0,0,1,1,0,1,0,1,0
543,1720,1,0,1,0,0,0,0,0,0,0,0
544,1722,0,0,1,0,0,0,0,0,0,1,0
545,1726,0,1,1,0,0,0,0,1,0,0,0
546,1740,0,1,0,0,0,0,0,0,0,0,0
547,1745,0,0,1,0,0,1,0,0,0,1,0
548,1748,1,0,1,0,0,0,0,0,0,0,0
549,1749,1,0,1,0,0,0,1,1,0,0,0
550,1751,0,0,0,0,1,1,0,0,1,0,1
551,1753,1,0,1,0,0,0,0,1,0,0,0
552,1759,1,0,0,0,1,0,0,0,0,0,1
553,1762,0,1,1,0,0,1,0,1,0,0,1
554,1764,0,1,1,0,0,1,0,1,0,0,1
555,1765,1,0,1,0,0,0,0,0,0,0,0
556,1775,0,1,1,0,0,1,0,1,0,0,1
557,1778,1,0,0,0,1,1,0,1,0,1,0
558,1779,0,1,0,1,0,1,0,1,0,1,0
559,1785,1,0,0,0,1,1,0,1,0,0,1
560,1788,0,1,0,0,1,1,0,1,0,1,0
561,1791,0,1,1,0,0,0,1,1,0,1,0
562,1795,0,0,1,0,0,0,0,1,0,1,0
563,1796,1,0,0,0,0,0,0,0,0,0,0
564,1797,0,0,0,1,0,0,0,1,0,0,0
565,1800,0,1,0,0,1,1,0,1,0,1,0
566,1802,0,1,1,0,0,0,0,1,0,1,0
567,1803,1,0,0,0,0,1,0,1,0,0,1
568,1804,1,0,0,1,0,1,0,1,0,1,0
569,1812,1,0,1,0,0,0,0,0,0,0,0
570,1814,0,1,0,1,0,0,0,1,0,1,0
571,1815,0,0,1,0,0,0,0,0,0,1,0
572,1816,0,0,0,0,0,0,1,0,1,0,1
573,1820,0,1,1,0,0,1,0,1,0,1,0
574,1822,1,0,1,0,0,0,0,0,0,1,0
575,1823,0,1,1,0,0,1,0,1,0,1,0
576,1829,0,1,0,1,0,1,0,1,0,1,0
577,1831,0,1,1,0,0,0,0,1,0,0,0
578,1833,0,0,0,0,1,0,0,1,0,0,1
579,1834,0,1,1,0,0,0,0,1,0,0,1
580,1841,1,0,1,0,0,0,1,1,0,1,0
581,1844,0,1,1,0,0,1,0,1,0,1,0
582,1845,0,1,1,0,0,0,0,0,0,0,1
583,1847,0,1,1,0,0,0,0,0,0,0,0
584,1848,0,1,1,0,0,1,0,1,0,0,1
585,1850,0,1,0,1,0,1,0,1,0,1,0
586,1858,0,1,0,0,1,0,1,1,0,0,0
587,1861,0,0,0,0,1,0,0,1,0,0,1
588,1864,0,1,1,0,0,0,0,1,0,0,1
589,1865,1,0,1,0,0,0,0,1,0,0,0
590,1869,1,0,0,0,0,1,0,0,1,1,0
591,1873,0,0,0,0,1,0,0,0,0,0,0
592,1879,1,0,0,1,0,1,0,0,0,1,0
593,1892,1,0,0,0,1,1,0,1,0,0,1
594,1894,0,1,0,0,1,1,0,1,0,1,0
595,1896,1,0,1,0,0,1,0,1,0,1,0
596,1899,0,0,0,0,1,1,0,1,0,0,1
597,1901,1,0,1,0,0,0,0,1,0,0,1
598,1907,1,0,0,0,1,0,1,0,0,0,0
599,1911,1,0,0,0,1,1,0,0,0,1,0
600,1914,0,1,1,0,0,0,1,1,0,0,0
601,1917,0,0,0,1,0,0,0,0,0,0,0
602,1919,1,0,0,0,1,1,0,1,0,0,1
603,1920,1,0,1,0,0,1,0,1,0,1,0
604,1921,1,0,0,0,1,1,0,1,0,1,0
605,1923,1,0,0,0,0,0,1,0,1,0,0
606,1926,1,0,0,0,1,0,0,1,0,1,0
607,1927,0,0,0,0,0,0,0,0,0,0,0
608,1928,0,1,0,0,1,0,1,1,0,0,1
609,1929,0,0,0,0,1,0,1,1,0,0,0
610,1931,1,0,1,0,0,0,0,1,0,0,0
611,1935,0,1,1,0,0,1,0,1,0,1,0
612,1937,1,0,1,0,0,1,0,1,0,1,0
613,1939,1,0,0,0,1,1,0,1,0,1,0
614,1944,0,1,0,0,1,0,0,1,0,0,1
615,1946,0,1,0,0,1,0,0,0,0,0,0
616,1948,1,0,0,0,1,0,0,1,0,0,0
617,1949,0,0,1,0,0,0,0,0,0,0,0
618,1953,1,0,1,0,0,0,0,1,0,0,0
619,1955,1,0,0,0,1,0,0,0,0,0,0
620,1962,0,0,0,1,0,0,0,0,0,1,0
621,1964,0,0,0,1,0,0,0,0,1,0,0
622,1965,1,0,0,0,1,1,0,1,0,0,1
623,1975,0,1,0,0,1,0,1,0,1,0,0
624,1976,1,0,0,0,1,1,0,1,0,0,1
625,1979,0,1,1,0,0,0,0,0,0,0,1
626,1980,1,0,1,0,0,1,0,1,0,1,0
627,1982,0,1,0,0,1,0,0,0,0,0,0
628,1985,1,0,0,0,1,0,0,0,0,0,1
629,1989,0,0,0,1,0,0,0,1,0,0,0
630,1990,0,1,0,0,1,1,0,1,0,0,1
631,1995,0,0,0,0,1,0,1,0,0,0,1
632,1997,1,0,0,0,1,0,0,0,0,0,0
633,2002,1,0,0,0,1,0,0,1,0,0,0
634,2004,1,0,1,0,0,0,0,0,0,0,0
635,2006,0,0,1,0,0,0,0,0,0,0,0
636,2007,1,0,1,0,0,1,0,1,0,0,1
637,2011,0,1,1,0,0,0,0,1,0,0,0
638,2012,0,0,1,0,0,1,0,0,1,1,0
639,2013,0,0,0,0,0,0,0,0,0,0,0
640,2017,0,1,1,0,0,1,0,1,0,1,0
641,2018,1,0,1,0,0,0,0,0,0,0,0
642,2020,0,1,0,0,1,1,0,0,0,0,1
643,2023,1,0,1,0,0,0,0,1,0,0,1
644,2024,0,1,0,0,1,0,1,1,0,1,0
645,2030,0,1,0,0,1,0,1,1,0,0,0
646,2040,0,0,0,0,1,0,0,1,0,0,0
647,2041,1,0,0,0,1,0,1,0,1,1,0
648,2050,0,0,0,0,1,1,0,1,0,0,1
649,2053,0,0,1,0,0,1,0,1,0,1,0
650,2057,1,0,0,0,1,1,0,1,0,1,0
651,2058,0,1,0,0,1,0,1,1,0,1,0
652,2062,0,0,0,0,1,0,0,0,0,1,0
653,2063,0,1,1,0,0,1,0,1,0,1,0
654,2064,1,0,0,0,0,0,0,0,0,0,0
655,2068,1,0,1,0,0,1,0,1,0,1,0
656,2069,0,0,0,0,1,0,0,0,0,0,0
657,2070,1,0,1,0,0,0,0,0,0,0,0
658,2076,0,1,0,0,1,1,0,1,0,0,1
659,2082,0,0,1,0,0,1,0,1,0,0,1
660,2084,0,1,1,0,0,1,0,1,0,1,0
661,2085,1,0,0,0,1,1,0,1,0,1,0
662,2086,0,0,1,0,0,1,0,1,0,1,0
663,2087,0,1,1,0,0,0,1,1,0,0,0
664,2088,1,0,0,0,1,0,0,0,0,0,0
665,2092,0,0,0,0,1,1,0,1,0,0,1
666,2094,1,0,1,0,0,1,0,1,0,1,0
667,2097,0,0,0,0,1,1,0,1,0,0,1
668,2100,1,0,0,1,0,1,0,1,0,1,0
669,2102,0,1,1,0,0,1,0,1,0,1,0
670,2107,0,1,0,0,1,1,0,1,0,0,1
671,2110,0,1,0,0,1,1,0,1,0,1,0
672,2111,0,1,1,0,0,0,0,1,0,1,0
673,2112,1,0,1,0,0,1,0,1,0,0,1
674,2115,0,1,0,0,1,1,0,1,0,0,1
675,2116,0,1,0,0,1,1,0,1,0,0,1
676,2119,1,0,0,0,1,0,0,1,0,0,0
677,2121,1,0,1,0,0,0,1,1,0,1,0
678,2123,0,1,1,0,0,0,0,1,0,1,0
679,2124,1,0,0,0,1,1,0,1,0,0,1
680,2129,1,0,0,0,1,0,0,0,0,1,0
681,2130,1,0,0,0,1,0,1,1,0,0,0
682,2133,0,1,1,0,0,1,0,0,0,1,0
683,2134,1,0,0,0,1,0,0,0,0,0,0
684,2140,0,0,0,1,0,1,0,1,0,1,0
685,2147,0,1,0,0,1,1,0,1,0,0,1
686,2148,1,0,1,0,0,1,0,1,0,0,1
687,2154,1,0,1,0,0,1,0,1,0,1,0
688,2156,1,0,1,0,0,1,0,1,0,1,0
689,2158,1,0,0,0,1,0,1,0,1,0,0
690,2162,0,1,1,0,0,0,0,1,0,0,0
691,2168,1,0,0,0,1,0,0,0,0,0,0
692,2172,0,1,0,0,1,1,0,1,0,1,0
693,2173,1,0,0,0,1,0,0,0,0,1,0
694,2179,1,0,1,0,0,1,0,1,0,0,1
695,2181,0,1,1,0,0,1,0,1,0,0,1
696,2182,0,1,1,0,0,1,0,1,0,1,0
697,2183,0,0,0,1,0,1,0,1,0,1,0
698,2184,1,0,0,0,1,0,0,0,0,0,0
699,2185,0,1,0,0,1,0,0,1,0,0,1
700,2186,0,0,0,0,1,0,0,0,0,0,0
701,2188,1,0,0,1,0,0,1,1,0,1,0
702,2190,1,0,0,0,1,1,0,1,0,0,1
703,2193,1,0,0,0,1,1,0,1,0,1,0
704,2194,0,0,1,0,0,0,1,1,0,0,0
705,2198,0,0,0,0,1,0,1,0,0,0,0
706,2199,1,0,0,0,0,0,0,0,0,0,1
707,2200,0,0,1,0,0,0,0,0,0,0,0
708,2203,1,0,1,0,0,1,0,1,0,1,0
709,2208,1,0,0,0,1,0,0,0,0,0,1
710,2209,1,0,0,0,1,1,0,0,1,0,1
711,2217,0,0,0,0,1,0,1,0,0,0,0
712,2221,1,0,0,1,0,0,1,1,0,0,0
713,2224,0,1,0,0,0,0,1,1,0,0,0
714,2231,0,1,0,0,1,1,0,1,0,1,0
715,2233,0,1,0,0,1,0,1,1,0,0,0
716,2234,0,0,0,1,0,1,0,1,0,1,0
717,2235,0,1,1,0,0,0,0,1,0,0,1
718,2237,1,0,1,0,0,0,0,1,0,0,0
719,2243,1,0,1,0,0,1,0,1,0,1,0
720,2250,0,1,0,0,1,0,0,0,0,0,0
721,2252,1,0,1,0,0,1,0,1,0,0,1
722,2254,1,0,0,0,0,0,0,0,0,0,0
723,2260,0,0,1,0,0,0,0,1,0,0,0
724,2264,0,1,1,0,0,1,0,1,0,1,0
725,2266,1,0,0,0,1,0,1,1,0,0,0
726,2269,1,0,1,0,0,1,0,1,0,1,0
727,2272,0,0,0,1,0,1,0,1,0,1,0
728,2279,1,0,0,0,1,0,0,0,0,1,0
729,2280,0,0,0,0,1,0,0,1,0,0,1
730,2282,0,1,1,0,0,0,1,1,0,0,0
731,2284,0,1,1,0,0,1,0,1,0,1,0
732,2292,1,0,1,0,0,1,0,0,1,0,1
733,2294,0,0,1,0,0,0,1,0,1,0,1
734,2295,1,0,0,0,1,0,1,0,1,0,0
735,2296,0,1,0,0,1,0,0,1,0,1,0
736,2298,1,0,0,1,0,1,0,0,1,1,0
737,2300,1,0,1,0,0,0,0,1,0,1,0
738,2302,1,0,0,0,1,1,0,1,0,0,1
739,2305,1,0,1,0,0,0,1,1,0,0,0
740,2307,0,1,1,0,0,1,0,1,0,0,1
741,2312,0,1,1,0,0,1,0,1,0,1,0
742,2314,0,1,1,0,0,1,0,1,0,1,0
743,2317,1,0,0,0,1,1,0,1,0,0,1
744,2318,0,0,0,0,0,0,0,0,0,0,0
745,2322,0,1,1,0,0,0,0,1,0,0,0
746,2324,1,0,0,0,1,1,0,1,0,1,0
747,2328,0,1,1,0,0,0,0,1,0,1,0
748,2330,1,0,1,0,0,0,0,1,0,0,0
749,2331,1,0,0,0,1,1,0,1,0,0,1
750,2334,1,0,0,0,1,0,0,1,0,0,0
751,2337,0,0,0,1,0,0,0,1,0,0,1
752,2341,1,0,1,0,0,0,0,1,0,0,0
753,2342,0,1,1,0,0,0,0,1,0,0,0
754,2343,1,0,0,0,0,0,0,0,0,0,0
755,2347,1,0,1,0,0,0,0,0,0,1,0
756,2351,0,1,1,0,0,1,0,1,0,1,0
757,2359,0,0,1,0,0,1,0,1,0,1,0
758,2360,1,0,0,0,1,0,1,1,0,0,0
759,2361,1,0,0,0,1,0,0,0,0,1,0
760,2364,0,0,1,0,0,1,0,0,1,1,0
761,2367,0,0,1,0,0,0,0,0,0,1,0
762,2370,0,0,0,0,1,1,0,1,0,1,0
763,2374,0,1,1,0,0,0,0,1,0,1,0
764,2376,1,0,1,0,0,0,0,0,0,0,0
765,2378,1,0,0,0,1,1,0,0,0,0,1
766,2380,1,0,1,0,0,0,0,1,0,0,0
767,2390,1,0,0,0,1,1,0,0,0,1,0
768,2393,0,1,0,0,1,0,0,1,0,0,0
769,2397,0,1,0,1,0,0,1,0,0,1,0
770,2400,0,0,0,0,1,1,0,1,0,0,1
771,2405,0,0,0,0,1,0,0,0,0,0,0
772,2406,0,1,0,0,1,1,0,1,0,0,1
773,2407,0,1,1,0,0,1,0,1,0,1,0
774,2411,0,0,0,1,0,1,0,1,0,1,0
775,2420,0,0,1,0,0,0,0,0,0,0,1
776,2421,0,1,1,0,0,1,0,1,0,0,1
777,2426,0,0,0,0,0,0,0,0,1,0,0
778,2427,1,0,0,0,1,1,0,1,0,0,1
779,2432,1,0,0,0,0,0,0,0,0,0,0
780,2435,1,0,1,0,0,0,0,1,0,0,1
781,2437,0,1,0,0,1,1,0,1,0,0,1
782,2445,1,0,1,0,0,0,0,0,0,0,0
783,2446,0,1,0,0,1,0,0,1,0,1,0
784,2447,0,0,0,0,1,1,0,1,0,1,0
785,2448,1,0,1,0,0,1,0,1,0,1,0
786,2449,0,1,0,0,1,1,0,1,0,0,1
787,2453,1,0,1,0,0,0,1,1,0,0,0
788,2455,0,0,1,0,0,0,1,1,0,1,0
789,2465,0,0,0,1,0,1,0,1,0,1,0
790,2467,0,1,0,0,1,1,0,1,0,0,1
791,2479,0,1,0,0,1,0,0,1,0,1,0
792,2483,0,1,1,0,0,0,1,1,0,0,0
793,2486,0,0,0,0,1,0,1,0,0,0,0
794,2488,1,0,1,0,0,0,1,1,0,0,0
795,2489,1,0,0,0,1,1,0,1,0,1,0
796,2494,1,0,0,0,1,0,0,1,0,1,0
797,2496,0,1,1,0,0,1,0,1,0,0,1
798,2497,1,0,1,0,0,0,0,0,0,0,0
799,2498,1,0,0,0,1,0,0,1,0,1,0
800,2499,0,0,0,0,1,0,0,0,0,0,1
